Var1,op,Var2,Result
20,p,3,23.0
8,s,7,1.0
4,p,3,7.0
18,p,13,31.0
0,s,2,-2.0
7,p,16,23.0
17,d,6,2.8333333333333335
7,m,14,98.0
0,d,5,0.0
10,s,8,2.0
6,p,10,16.0
2,p,12,14.0
11,m,11,121.0
1,p,14,15.0
12,m,2,24.0
20,m,19,380.0
18,p,6,24.0
1,m,7,7.0
2,p,7,9.0
12,d,8,1.5
20,s,11,9.0
11,s,11,0.0
8,p,20,28.0
19,s,20,-1.0
17,s,7,10.0
14,m,12,168.0
20,s,17,3.0
10,s,1,9.0
1,d,10,0.1
8,s,2,6.0
18,s,10,8.0
20,d,15,1.3333333333333333
20,s,14,6.0
8,s,4,4.0
17,m,17,289.0
18,d,13,1.3846153846153846
11,s,7,4.0
16,p,15,31.0
1,s,3,-2.0
20,d,5,4.0
19,d,2,9.5
12,d,19,0.631578947368421
16,p,8,24.0
3,m,17,51.0
20,p,10,30.0
9,s,13,-4.0
14,m,0,0.0
16,p,5,21.0
20,s,9,11.0
4,s,11,-7.0
17,p,16,33.0
19,d,10,1.9
0,m,3,0.0
9,p,7,16.0
7,p,18,25.0
2,p,15,17.0
17,s,4,13.0
15,s,17,-2.0
8,d,16,0.5
6,s,17,-11.0
9,m,12,108.0
14,d,16,0.875
3,s,7,-4.0
2,p,10,12.0
18,s,17,1.0
18,p,7,25.0
2,p,20,22.0
7,p,2,9.0
10,s,2,8.0
8,s,15,-7.0
17,d,4,4.25
7,d,15,0.4666666666666667
6,p,3,9.0
13,d,11,1.1818181818181819
13,p,14,27.0
20,p,20,40.0
1,m,12,12.0
3,s,7,-4.0
6,d,17,0.35294117647058826
4,s,13,-9.0
8,s,14,-6.0
2,p,14,16.0
1,p,20,21.0
2,s,7,-5.0
13,d,15,0.8666666666666667
6,p,12,18.0
5,p,12,17.0
12,d,8,1.5
9,d,13,0.6923076923076923
4,m,6,24.0
6,p,1,7.0
10,p,1,11.0
18,s,15,3.0
1,p,16,17.0
5,p,2,7.0
7,p,12,19.0
18,p,7,25.0
19,d,2,9.5
18,m,18,324.0
8,m,6,48.0
7,d,8,0.875
4,m,20,80.0
14,p,10,24.0
0,p,14,14.0
2,s,17,-15.0
16,s,8,8.0
11,s,2,9.0
11,s,9,2.0
14,m,17,238.0
19,p,20,39.0
17,p,9,26.0
4,p,8,12.0
3,s,17,-14.0
8,s,9,-1.0
10,m,6,60.0
16,m,15,240.0
1,d,2,0.5
8,p,1,9.0
10,m,4,40.0
5,d,14,0.35714285714285715
17,p,0,17.0
2,p,4,6.0
11,s,18,-7.0
13,p,4,17.0
9,p,11,20.0
11,s,6,5.0
3,d,11,0.2727272727272727
19,s,4,15.0
5,d,5,1.0
0,m,5,0.0
13,m,7,91.0
5,d,3,1.6666666666666667
1,s,15,-14.0
6,m,14,84.0
9,s,7,2.0
0,d,6,0.0
10,p,8,18.0
8,d,11,0.7272727272727273
17,p,10,27.0
3,s,8,-5.0
18,p,8,26.0
3,d,19,0.15789473684210525
11,d,10,1.1
19,p,16,35.0
12,s,18,-6.0
8,d,1,8.0
0,s,16,-16.0
11,p,13,24.0
10,m,19,190.0
3,m,9,27.0
13,d,10,1.3
9,s,17,-8.0
6,d,13,0.46153846153846156
5,m,19,95.0
12,p,17,29.0
9,s,9,0.0
13,m,18,234.0
14,d,14,1.0
6,d,16,0.375
5,m,2,10.0
16,m,20,320.0
2,m,7,14.0
7,s,6,1.0
0,s,1,-1.0
15,p,19,34.0
14,s,13,1.0
12,d,15,0.8
7,p,4,11.0
3,s,13,-10.0
5,d,16,0.3125
1,s,17,-16.0
3,s,14,-11.0
14,m,16,224.0
14,d,19,0.7368421052631579
17,s,14,3.0
15,m,14,210.0
7,m,20,140.0
16,s,15,1.0
8,p,14,22.0
9,m,7,63.0
10,p,10,20.0
4,s,4,0.0
12,s,4,8.0
2,d,13,0.15384615384615385
10,d,17,0.5882352941176471
13,s,1,12.0
13,p,12,25.0
18,d,12,1.5
0,m,11,0.0
12,s,13,-1.0
15,m,7,105.0
13,p,15,28.0
12,d,10,1.2
5,s,14,-9.0
19,p,17,36.0
12,p,18,30.0
2,d,20,0.1
4,s,14,-10.0
1,d,8,0.125
10,d,6,1.6666666666666667
10,d,10,1.0
8,m,13,104.0
2,p,15,17.0
17,m,1,17.0
7,p,20,27.0
20,p,1,21.0
7,p,6,13.0
19,s,4,15.0
4,p,15,19.0
18,d,6,3.0
8,s,11,-3.0
19,p,19,38.0
5,p,9,14.0
18,m,0,0.0
18,d,12,1.5
6,s,2,4.0
3,p,9,12.0
18,m,1,18.0
17,m,13,221.0
2,m,16,32.0
0,d,13,0.0
3,m,13,39.0
20,s,14,6.0
13,m,5,65.0
19,d,17,1.1176470588235294
14,m,13,182.0
10,p,7,17.0
8,s,14,-6.0
14,d,18,0.7777777777777778
10,d,0,0.0
10,d,5,2.0
6,m,11,66.0
10,m,8,80.0
17,s,0,17.0
2,d,7,0.2857142857142857
15,s,17,-2.0
15,d,20,0.75
14,p,0,14.0
9,d,7,1.2857142857142858
7,m,9,63.0
15,m,17,255.0
13,m,17,221.0
11,m,14,154.0
9,s,8,1.0
3,m,6,18.0
3,s,17,-14.0
6,d,6,1.0
8,m,18,144.0
3,m,6,18.0
7,s,11,-4.0
9,s,0,9.0
8,p,1,9.0
17,s,9,8.0
20,p,15,35.0
0,m,18,0.0
15,d,15,1.0
10,p,5,15.0
8,p,15,23.0
2,d,12,0.16666666666666666
2,p,18,20.0
4,m,4,16.0
2,p,7,9.0
17,s,13,4.0
16,d,12,1.3333333333333333
14,d,9,1.5555555555555556
9,p,18,27.0
19,s,3,16.0
20,m,6,120.0
2,s,5,-3.0
5,p,17,22.0
5,d,0,0.0
14,d,19,0.7368421052631579
9,s,1,8.0
9,d,9,1.0
2,m,7,14.0
20,s,18,2.0
13,s,3,10.0
20,m,4,80.0
4,p,2,6.0
5,m,9,45.0
14,d,3,4.666666666666667
9,m,12,108.0
16,d,17,0.9411764705882353
14,p,2,16.0
13,m,10,130.0
0,s,2,-2.0
18,p,18,36.0
8,p,18,26.0
5,d,15,0.3333333333333333
8,d,5,1.6
20,p,15,35.0
15,d,11,1.3636363636363635
10,p,10,20.0
5,d,10,0.5
15,d,9,1.6666666666666667
17,d,1,17.0
2,m,10,20.0
10,d,3,3.3333333333333335
16,d,0,0.0
13,s,1,12.0
16,d,11,1.4545454545454546
20,p,14,34.0
6,s,8,-2.0
9,d,14,0.6428571428571429
3,s,0,3.0
5,p,9,14.0
17,p,13,30.0
7,d,3,2.3333333333333335
3,s,20,-17.0
15,m,9,135.0
13,d,15,0.8666666666666667
7,s,14,-7.0
12,s,6,6.0
2,d,8,0.25
10,m,16,160.0
0,m,9,0.0
18,d,18,1.0
4,d,14,0.2857142857142857
11,d,10,1.1
14,s,10,4.0
7,d,18,0.3888888888888889
7,p,13,20.0
10,d,15,0.6666666666666666
12,s,20,-8.0
15,s,1,14.0
16,m,18,288.0
3,p,14,17.0
16,p,14,30.0
4,s,13,-9.0
2,m,15,30.0
10,d,19,0.5263157894736842
20,m,2,40.0
17,m,12,204.0
20,p,15,35.0
19,s,2,17.0
20,s,9,11.0
2,p,13,15.0
20,d,3,6.666666666666667
5,p,9,14.0
1,p,10,11.0
9,m,11,99.0
13,s,4,9.0
16,s,13,3.0
5,p,5,10.0
19,s,12,7.0
15,s,18,-3.0
7,m,14,98.0
14,p,8,22.0
14,s,9,5.0
2,m,14,28.0
18,d,9,2.0
8,m,14,112.0
6,d,12,0.5
3,d,7,0.42857142857142855
18,m,11,198.0
9,d,0,0.0
8,p,0,8.0
19,m,15,285.0
7,m,19,133.0
7,s,20,-13.0
19,s,8,11.0
20,p,3,23.0
9,p,14,23.0
18,s,11,7.0
2,m,9,18.0
13,s,5,8.0
4,m,17,68.0
16,m,16,256.0
5,d,8,0.625
9,p,10,19.0
14,s,2,12.0
7,m,12,84.0
2,p,12,14.0
8,p,17,25.0
14,m,11,154.0
18,m,12,216.0
3,d,7,0.42857142857142855
0,m,19,0.0
19,p,7,26.0
20,m,14,280.0
20,p,13,33.0
4,p,1,5.0
9,p,15,24.0
3,s,7,-4.0
12,m,14,168.0
17,s,13,4.0
13,p,20,33.0
15,d,19,0.7894736842105263
8,m,1,8.0
6,d,14,0.42857142857142855
7,p,11,18.0
11,m,17,187.0
1,m,12,12.0
6,d,3,2.0
2,p,6,8.0
1,s,10,-9.0
4,s,18,-14.0
2,s,17,-15.0
18,s,6,12.0
10,p,4,14.0
8,s,4,4.0
17,s,8,9.0
3,s,0,3.0
0,s,11,-11.0
18,p,10,28.0
5,p,8,13.0
4,p,13,17.0
2,d,15,0.13333333333333333
11,p,16,27.0
14,s,16,-2.0
19,m,1,19.0
14,p,20,34.0
1,d,15,0.06666666666666667
13,d,3,4.333333333333333
14,p,2,16.0
10,s,19,-9.0
2,m,4,8.0
19,m,20,380.0
12,m,19,228.0
14,d,16,0.875
3,s,3,0.0
13,s,14,-1.0
13,d,10,1.3
12,p,13,25.0
10,m,13,130.0
8,s,11,-3.0
15,p,2,17.0
2,d,2,1.0
3,s,11,-8.0
17,m,1,17.0
3,m,13,39.0
13,m,1,13.0
19,m,9,171.0
3,s,18,-15.0
4,s,15,-11.0
3,m,11,33.0
3,s,8,-5.0
13,p,17,30.0
19,p,8,27.0
5,m,8,40.0
10,p,11,21.0
5,d,4,1.25
2,p,4,6.0
2,s,16,-14.0
12,d,13,0.9230769230769231
10,m,5,50.0
9,p,10,19.0
1,s,4,-3.0
19,p,1,20.0
8,d,14,0.5714285714285714
15,d,19,0.7894736842105263
13,s,8,5.0
16,m,3,48.0
13,m,3,39.0
18,m,15,270.0
1,d,7,0.14285714285714285
19,p,1,20.0
6,s,9,-3.0
4,m,8,32.0
10,p,3,13.0
15,s,13,2.0
4,s,12,-8.0
16,m,17,272.0
2,p,12,14.0
13,d,0,0.0
2,d,10,0.2
18,d,12,1.5
9,d,3,3.0
0,s,10,-10.0
19,m,14,266.0
2,p,13,15.0
7,d,13,0.5384615384615384
16,d,2,8.0
9,s,10,-1.0
10,p,5,15.0
16,p,20,36.0
16,s,16,0.0
11,s,11,0.0
7,s,3,4.0
8,s,6,2.0
19,p,4,23.0
5,d,20,0.25
14,d,18,0.7777777777777778
18,m,20,360.0
20,s,10,10.0
14,d,2,7.0
14,m,20,280.0
8,p,18,26.0
11,p,16,27.0
9,d,14,0.6428571428571429
1,m,1,1.0
9,p,2,11.0
19,d,19,1.0
14,p,18,32.0
14,s,18,-4.0
10,d,19,0.5263157894736842
16,p,4,20.0
14,m,3,42.0
2,s,16,-14.0
1,d,7,0.14285714285714285
14,s,16,-2.0
11,m,11,121.0
12,m,13,156.0
19,m,1,19.0
2,p,10,12.0
17,m,12,204.0
8,s,19,-11.0
10,s,2,8.0
11,d,9,1.2222222222222223
4,p,19,23.0
9,d,17,0.5294117647058824
20,s,10,10.0
16,d,2,8.0
16,p,11,27.0
11,s,9,2.0
6,d,10,0.6
6,s,7,-1.0
4,m,2,8.0
3,p,16,19.0
10,s,19,-9.0
19,s,12,7.0
5,s,5,0.0
14,d,1,14.0
11,d,7,1.5714285714285714
19,d,9,2.111111111111111
7,s,17,-10.0
9,s,15,-6.0
11,d,18,0.6111111111111112
14,d,9,1.5555555555555556
16,d,16,1.0
5,s,6,-1.0
8,d,1,8.0
11,p,17,28.0
16,m,3,48.0
2,m,5,10.0
14,s,16,-2.0
13,s,2,11.0
14,p,11,25.0
13,d,1,13.0
16,s,11,5.0
12,m,2,24.0
7,m,0,0.0
3,m,20,60.0
4,p,4,8.0
9,s,15,-6.0
15,p,14,29.0
2,m,0,0.0
6,d,4,1.5
3,s,9,-6.0
9,p,3,12.0
7,d,13,0.5384615384615384
2,d,3,0.6666666666666666
19,p,17,36.0
20,s,16,4.0
4,d,9,0.4444444444444444
0,m,19,0.0
7,d,18,0.3888888888888889
5,m,2,10.0
2,p,16,18.0
12,p,15,27.0
20,m,12,240.0
8,m,0,0.0
2,s,11,-9.0
20,m,3,60.0
4,m,1,4.0
17,s,10,7.0
14,s,15,-1.0
4,d,2,2.0
1,s,9,-8.0
1,p,6,7.0
10,d,9,1.1111111111111112
17,m,15,255.0
1,s,20,-19.0
9,p,11,20.0
20,m,10,200.0
3,d,11,0.2727272727272727
12,d,14,0.8571428571428571
10,d,5,2.0
15,m,11,165.0
2,p,13,15.0
13,s,19,-6.0
17,m,9,153.0
3,m,2,6.0
9,d,9,1.0
19,s,13,6.0
14,d,11,1.2727272727272727
1,d,11,0.09090909090909091
8,p,20,28.0
2,d,20,0.1
11,s,16,-5.0
0,d,4,0.0
1,p,4,5.0
7,m,20,140.0
11,p,12,23.0
19,d,4,4.75
11,d,11,1.0
2,s,18,-16.0
16,d,11,1.4545454545454546
10,m,20,200.0
7,p,3,10.0
5,d,15,0.3333333333333333
17,m,3,51.0
8,s,14,-6.0
19,d,9,2.111111111111111
6,s,3,3.0
2,s,14,-12.0
14,m,2,28.0
11,m,2,22.0
9,s,5,4.0
11,s,16,-5.0
3,s,6,-3.0
7,p,15,22.0
11,m,17,187.0
14,s,17,-3.0
19,p,2,21.0
9,d,12,0.75
16,d,13,1.2307692307692308
18,s,2,16.0
10,p,20,30.0
14,m,14,196.0
4,s,17,-13.0
4,p,13,17.0
3,s,16,-13.0
9,s,5,4.0
10,m,7,70.0
16,p,9,25.0
8,m,6,48.0
4,m,20,80.0
19,p,17,36.0
16,s,20,-4.0
18,s,18,0.0
5,m,19,95.0
18,p,1,19.0
2,m,1,2.0
20,d,6,3.3333333333333335
19,p,20,39.0
15,m,20,300.0
20,d,9,2.2222222222222223
7,m,12,84.0
14,p,2,16.0
5,d,14,0.35714285714285715
15,s,14,1.0
10,s,19,-9.0
10,m,10,100.0
12,m,4,48.0
16,p,17,33.0
10,d,7,1.4285714285714286
3,d,8,0.375
7,p,4,11.0
1,d,9,0.1111111111111111
19,s,13,6.0
5,m,10,50.0
6,d,5,1.2
16,d,14,1.1428571428571428
9,p,15,24.0
2,d,12,0.16666666666666666
7,m,6,42.0
1,m,1,1.0
15,d,19,0.7894736842105263
9,p,17,26.0
3,s,13,-10.0
8,d,11,0.7272727272727273
11,d,1,11.0
1,s,18,-17.0
11,m,17,187.0
2,d,12,0.16666666666666666
17,p,8,25.0
4,d,3,1.3333333333333333
11,m,10,110.0
4,d,6,0.6666666666666666
16,p,1,17.0
1,m,4,4.0
15,d,16,0.9375
4,s,19,-15.0
10,m,19,190.0
5,m,12,60.0
18,d,10,1.8
18,d,9,2.0
0,m,11,0.0
3,m,13,39.0
20,d,0,0.0
8,s,20,-12.0
1,d,18,0.05555555555555555
5,d,16,0.3125
4,p,7,11.0
18,s,3,15.0
0,m,14,0.0
13,d,4,3.25
6,d,13,0.46153846153846156
1,s,4,-3.0
17,d,10,1.7
16,m,12,192.0
5,m,14,70.0
17,m,11,187.0
19,s,15,4.0
7,m,8,56.0
7,m,9,63.0
6,m,15,90.0
15,m,11,165.0
9,d,3,3.0
12,s,11,1.0
9,m,1,9.0
2,d,11,0.18181818181818182
20,d,8,2.5
6,m,6,36.0
17,s,8,9.0
3,s,19,-16.0
7,s,1,6.0
20,p,7,27.0
3,m,13,39.0
15,s,3,12.0
0,s,17,-17.0
13,d,20,0.65
15,s,20,-5.0
9,m,10,90.0
20,p,1,21.0
20,s,18,2.0
17,s,1,16.0
13,p,5,18.0
12,s,15,-3.0
9,p,1,10.0
9,p,18,27.0
10,d,9,1.1111111111111112
20,d,17,1.1764705882352942
4,d,16,0.25
8,p,6,14.0
10,d,5,2.0
20,s,8,12.0
0,m,10,0.0
18,s,6,12.0
19,d,20,0.95
13,m,16,208.0
2,p,12,14.0
5,d,4,1.25
10,p,7,17.0
8,s,12,-4.0
14,m,8,112.0
9,p,18,27.0
8,m,20,160.0
7,p,1,8.0
14,s,9,5.0
12,m,16,192.0
3,m,20,60.0
11,s,19,-8.0
7,d,4,1.75
4,m,14,56.0
13,d,17,0.7647058823529411
17,s,6,11.0
19,d,2,9.5
16,p,11,27.0
18,p,3,21.0
17,s,16,1.0
18,s,17,1.0
5,d,10,0.5
3,d,6,0.5
2,d,16,0.125
1,s,14,-13.0
16,d,13,1.2307692307692308
18,d,1,18.0
9,d,0,0.0
8,s,0,8.0
18,p,2,20.0
13,p,11,24.0
17,p,1,18.0
15,m,1,15.0
13,s,5,8.0
20,d,20,1.0
11,d,12,0.9166666666666666
12,p,12,24.0
17,m,4,68.0
3,d,5,0.6
16,s,4,12.0
0,m,0,0.0
14,d,17,0.8235294117647058
17,s,12,5.0
7,m,14,98.0
4,s,8,-4.0
3,d,1,3.0
19,s,0,19.0
6,p,2,8.0
19,d,1,19.0
19,s,1,18.0
1,d,12,0.08333333333333333
7,s,17,-10.0
1,m,4,4.0
7,m,18,126.0
18,m,19,342.0
7,s,9,-2.0
16,d,7,2.2857142857142856
9,p,8,17.0
17,s,18,-1.0
20,d,13,1.5384615384615385
1,d,11,0.09090909090909091
16,d,10,1.6
13,m,4,52.0
12,d,5,2.4
7,m,7,49.0
4,p,14,18.0
17,d,13,1.3076923076923077
17,s,16,1.0
12,m,7,84.0
6,p,10,16.0
14,p,11,25.0
17,p,6,23.0
8,p,12,20.0
2,s,6,-4.0
15,m,6,90.0
9,s,0,9.0
6,d,3,2.0
7,s,19,-12.0
12,m,7,84.0
9,d,12,0.75
17,m,20,340.0
9,m,8,72.0
16,d,15,1.0666666666666667
3,m,15,45.0
6,m,11,66.0
13,s,1,12.0
4,m,0,0.0
17,d,18,0.9444444444444444
9,s,4,5.0
10,d,7,1.4285714285714286
18,d,7,2.5714285714285716
17,m,20,340.0
8,d,15,0.5333333333333333
14,m,5,70.0
5,d,4,1.25
5,p,17,22.0
16,p,1,17.0
1,d,0,0.0
4,s,20,-16.0
2,p,4,6.0
6,d,16,0.375
11,d,1,11.0
15,p,0,15.0
17,d,17,1.0
0,m,0,0.0
17,p,9,26.0
16,s,13,3.0
3,s,3,0.0
7,m,6,42.0
11,d,8,1.375
2,d,11,0.18181818181818182
14,s,18,-4.0
7,p,9,16.0
20,p,20,40.0
2,d,12,0.16666666666666666
12,d,17,0.7058823529411765
1,p,20,21.0
5,d,2,2.5
13,m,20,260.0
18,p,3,21.0
7,d,6,1.1666666666666667
8,p,1,9.0
8,p,17,25.0
5,p,10,15.0
6,s,18,-12.0
12,m,2,24.0
5,s,18,-13.0
18,m,12,216.0
12,p,4,16.0
16,p,11,27.0
3,s,13,-10.0
2,d,10,0.2
10,m,0,0.0
14,s,15,-1.0
11,d,17,0.6470588235294118
13,d,5,2.6
2,m,19,38.0
7,p,2,9.0
8,d,4,2.0
20,d,4,5.0
10,p,11,21.0
2,m,0,0.0
14,m,11,154.0
3,p,4,7.0
5,d,13,0.38461538461538464
17,d,17,1.0
3,p,0,3.0
11,p,17,28.0
19,m,19,361.0
12,m,0,0.0
13,p,12,25.0
17,s,7,10.0
12,s,5,7.0
8,m,9,72.0
15,p,4,19.0
5,m,13,65.0
13,d,9,1.4444444444444444
2,m,11,22.0
7,d,20,0.35
19,s,19,0.0
14,s,3,11.0
9,d,0,0.0
10,d,19,0.5263157894736842
10,m,14,140.0
13,s,20,-7.0
9,s,10,-1.0
15,s,10,5.0
12,m,10,120.0
20,s,15,5.0
10,m,12,120.0
12,p,11,23.0
18,s,6,12.0
17,d,0,0.0
6,m,14,84.0
2,d,13,0.15384615384615385
4,m,20,80.0
7,s,8,-1.0
13,p,12,25.0
14,d,19,0.7368421052631579
18,d,12,1.5
17,m,1,17.0
17,p,19,36.0
3,m,7,21.0
5,p,20,25.0
18,d,20,0.9
10,p,13,23.0
0,m,3,0.0
7,s,16,-9.0
14,d,11,1.2727272727272727
14,s,18,-4.0
11,d,0,0.0
3,d,9,0.3333333333333333
2,s,3,-1.0
11,m,9,99.0
14,d,6,2.3333333333333335
11,p,15,26.0
14,m,14,196.0
2,p,9,11.0
3,m,0,0.0
20,s,3,17.0
7,s,16,-9.0
17,m,5,85.0
17,d,13,1.3076923076923077
7,s,12,-5.0
5,d,20,0.25
12,s,0,12.0
14,d,18,0.7777777777777778
12,s,0,12.0
6,p,8,14.0
18,s,3,15.0
11,s,10,1.0
14,m,3,42.0
15,m,16,240.0
19,d,12,1.5833333333333333
18,m,3,54.0
11,s,14,-3.0
9,p,19,28.0
4,p,10,14.0
7,p,9,16.0
5,s,11,-6.0
16,d,12,1.3333333333333333
19,d,4,4.75
13,d,5,2.6
20,s,17,3.0
17,d,5,3.4
9,s,4,5.0
10,p,14,24.0
11,d,0,0.0
4,d,6,0.6666666666666666
17,d,16,1.0625
13,d,15,0.8666666666666667
14,s,15,-1.0
2,p,18,20.0
7,p,9,16.0
8,m,7,56.0
5,d,14,0.35714285714285715
17,p,16,33.0
18,m,3,54.0
17,p,11,28.0
14,s,17,-3.0
13,s,3,10.0
9,d,1,9.0
8,p,11,19.0
14,s,3,11.0
6,m,18,108.0
19,d,20,0.95
5,s,19,-14.0
6,p,6,12.0
18,m,11,198.0
19,s,17,2.0
10,m,9,90.0
18,p,8,26.0
4,p,13,17.0
8,s,20,-12.0
4,s,7,-3.0
10,d,7,1.4285714285714286
15,m,4,60.0
20,d,13,1.5384615384615385
14,p,2,16.0
12,m,16,192.0
11,d,14,0.7857142857142857
10,p,18,28.0
2,m,14,28.0
2,d,17,0.11764705882352941
6,s,13,-7.0
15,m,8,120.0
9,s,10,-1.0
18,m,15,270.0
1,p,1,2.0
20,p,14,34.0
3,d,5,0.6
14,d,0,0.0
6,m,4,24.0
5,p,8,13.0
20,m,11,220.0
2,s,11,-9.0
1,m,12,12.0
7,p,13,20.0
3,s,0,3.0
15,s,2,13.0
18,d,7,2.5714285714285716
0,m,0,0.0
3,s,13,-10.0
15,s,2,13.0
12,p,2,14.0
3,m,10,30.0
9,d,4,2.25
4,s,20,-16.0
2,p,16,18.0
19,s,20,-1.0
14,s,11,3.0
20,d,4,5.0
19,s,14,5.0
2,s,3,-1.0
3,d,18,0.16666666666666666
11,m,13,143.0
4,m,7,28.0
20,s,2,18.0
17,m,19,323.0
0,s,9,-9.0
16,s,19,-3.0
12,p,9,21.0
7,d,15,0.4666666666666667
3,d,7,0.42857142857142855
20,p,19,39.0
16,m,0,0.0
10,d,4,2.5
18,m,13,234.0
17,d,5,3.4
2,p,0,2.0
0,s,8,-8.0
1,d,1,1.0
16,d,9,1.7777777777777777
13,p,12,25.0
20,s,17,3.0
8,m,2,16.0
2,s,16,-14.0
4,m,17,68.0
12,p,18,30.0
9,s,13,-4.0
1,p,7,8.0
13,d,3,4.333333333333333
19,p,19,38.0
9,p,5,14.0
0,p,4,4.0
5,m,15,75.0
16,m,16,256.0
5,s,11,-6.0
8,p,3,11.0
10,m,13,130.0
16,m,2,32.0
18,p,20,38.0
15,m,14,210.0
1,s,15,-14.0
11,m,5,55.0
3,p,18,21.0
7,p,16,23.0
1,s,0,1.0
1,m,15,15.0
12,s,4,8.0
1,d,17,0.058823529411764705
7,s,10,-3.0
13,m,10,130.0
2,m,18,36.0
3,p,16,19.0
5,p,7,12.0
12,d,2,6.0
9,m,9,81.0
2,d,17,0.11764705882352941
0,s,11,-11.0
9,m,18,162.0
19,d,7,2.7142857142857144
11,d,18,0.6111111111111112
6,s,17,-11.0
4,d,0,0.0
0,m,7,0.0
20,m,0,0.0
0,m,12,0.0
3,s,6,-3.0
13,p,15,28.0
4,p,8,12.0
1,d,7,0.14285714285714285
11,p,14,25.0
18,s,3,15.0
20,p,12,32.0
18,p,18,36.0
13,s,4,9.0
9,m,8,72.0
12,m,10,120.0
14,s,8,6.0
2,s,6,-4.0
18,s,3,15.0
3,d,5,0.6
14,d,10,1.4
3,m,17,51.0
6,m,14,84.0
14,p,8,22.0
2,m,5,10.0
19,s,1,18.0
10,p,4,14.0
7,d,11,0.6363636363636364
16,m,1,16.0
8,p,5,13.0
12,s,14,-2.0
3,p,14,17.0
4,p,3,7.0
1,s,7,-6.0
6,m,12,72.0
20,p,20,40.0
18,m,18,324.0
2,p,0,2.0
6,d,20,0.3
4,m,2,8.0
3,d,1,3.0
1,d,5,0.2
12,p,15,27.0
12,s,13,-1.0
11,s,6,5.0
8,d,8,1.0
4,s,1,3.0
20,d,9,2.2222222222222223
13,d,17,0.7647058823529411
1,m,2,2.0
12,d,4,3.0
6,s,20,-14.0
20,p,17,37.0
12,d,11,1.0909090909090908
17,m,15,255.0
18,m,16,288.0
12,s,8,4.0
0,s,10,-10.0
0,p,8,8.0
15,m,16,240.0
18,s,7,11.0
3,s,7,-4.0
8,p,17,25.0
7,d,18,0.3888888888888889
11,s,5,6.0
7,m,18,126.0
11,p,18,29.0
11,s,18,-7.0
18,d,6,3.0
17,s,9,8.0
15,p,1,16.0
1,s,7,-6.0
0,d,16,0.0
0,s,10,-10.0
4,s,10,-6.0
10,p,1,11.0
4,s,18,-14.0
3,m,16,48.0
2,d,11,0.18181818181818182
18,m,3,54.0
9,s,10,-1.0
5,d,13,0.38461538461538464
20,s,10,10.0
17,m,19,323.0
7,s,18,-11.0
12,m,9,108.0
4,p,5,9.0
18,p,12,30.0
5,m,19,95.0
19,p,7,26.0
15,m,4,60.0
2,m,7,14.0
10,p,5,15.0
20,d,10,2.0
0,s,8,-8.0
7,m,2,14.0
8,p,3,11.0
1,d,12,0.08333333333333333
13,d,5,2.6
15,m,12,180.0
17,p,12,29.0
15,s,18,-3.0
5,p,14,19.0
1,p,9,10.0
10,p,8,18.0
2,s,10,-8.0
12,p,5,17.0
17,m,2,34.0
19,d,19,1.0
0,s,13,-13.0
19,s,13,6.0
1,m,3,3.0
6,d,6,1.0
17,m,17,289.0
9,s,9,0.0
3,d,1,3.0
18,d,17,1.0588235294117647
4,m,1,4.0
0,p,13,13.0
9,d,20,0.45
6,p,3,9.0
6,m,5,30.0
2,p,15,17.0
9,d,12,0.75
15,p,8,23.0
20,d,17,1.1764705882352942
5,d,11,0.45454545454545453
11,d,5,2.2
1,d,8,0.125
14,s,8,6.0
8,p,18,26.0
4,p,3,7.0
11,d,17,0.6470588235294118
18,p,7,25.0
12,d,16,0.75
17,s,15,2.0
15,p,9,24.0
12,s,1,11.0
3,s,14,-11.0
5,s,6,-1.0
4,d,1,4.0
2,s,13,-11.0
20,m,4,80.0
10,p,2,12.0
12,d,17,0.7058823529411765
17,m,10,170.0
16,p,14,30.0
19,d,18,1.0555555555555556
3,s,13,-10.0
4,p,18,22.0
3,p,18,21.0
9,m,17,153.0
13,d,8,1.625
20,d,15,1.3333333333333333
1,m,5,5.0
12,d,4,3.0
1,m,12,12.0
7,d,1,7.0
8,p,11,19.0
10,m,9,90.0
8,p,15,23.0
7,m,4,28.0
14,m,10,140.0
13,p,19,32.0
6,s,14,-8.0
13,m,15,195.0
1,s,16,-15.0
2,d,9,0.2222222222222222
4,p,16,20.0
5,s,6,-1.0
1,p,7,8.0
14,m,1,14.0
6,m,8,48.0
14,d,16,0.875
20,p,3,23.0
7,d,11,0.6363636363636364
19,s,14,5.0
15,m,18,270.0
11,m,5,55.0
2,p,9,11.0
12,s,1,11.0
18,s,6,12.0
20,s,7,13.0
8,d,20,0.4
16,p,0,16.0
15,s,4,11.0
19,s,0,19.0
8,m,19,152.0
20,d,8,2.5
12,d,11,1.0909090909090908
8,d,6,1.3333333333333333
9,d,16,0.5625
18,p,3,21.0
16,m,11,176.0
9,d,3,3.0
2,m,10,20.0
20,m,10,200.0
8,m,20,160.0
6,s,4,2.0
1,d,19,0.05263157894736842
10,p,4,14.0
20,m,15,300.0
8,d,13,0.6153846153846154
12,s,1,11.0
10,d,7,1.4285714285714286
11,m,16,176.0
5,s,17,-12.0
9,d,3,3.0
4,s,8,-4.0
10,p,20,30.0
7,s,11,-4.0
9,m,13,117.0
11,m,8,88.0
14,d,3,4.666666666666667
1,p,20,21.0
15,p,6,21.0
12,m,16,192.0
13,s,1,12.0
4,m,6,24.0
13,d,18,0.7222222222222222
4,s,10,-6.0
2,m,15,30.0
20,m,5,100.0
20,p,1,21.0
14,s,8,6.0
5,s,18,-13.0
15,s,2,13.0
19,d,13,1.4615384615384615
12,d,13,0.9230769230769231
12,p,0,12.0
17,m,6,102.0
0,s,10,-10.0
0,s,0,0.0
7,m,11,77.0
4,d,3,1.3333333333333333
16,m,18,288.0
5,p,2,7.0
9,d,9,1.0
16,m,19,304.0
13,m,4,52.0
15,s,11,4.0
5,p,12,17.0
7,s,7,0.0
6,s,0,6.0
3,p,11,14.0
12,m,20,240.0
17,p,19,36.0
19,p,1,20.0
20,p,0,20.0
3,d,13,0.23076923076923078
12,m,3,36.0
15,s,4,11.0
20,m,0,0.0
13,m,3,39.0
19,s,19,0.0
13,p,3,16.0
9,p,3,12.0
15,s,6,9.0
8,s,16,-8.0
11,m,13,143.0
5,d,1,5.0
6,m,15,90.0
7,p,0,7.0
2,d,3,0.6666666666666666
4,p,2,6.0
3,s,8,-5.0
14,m,9,126.0
14,p,1,15.0
5,m,1,5.0
11,d,10,1.1
3,p,3,6.0
0,s,4,-4.0
10,d,11,0.9090909090909091
19,p,8,27.0
11,s,10,1.0
3,d,12,0.25
14,d,8,1.75
15,s,13,2.0
3,p,4,7.0
5,d,3,1.6666666666666667
18,d,15,1.2
5,d,19,0.2631578947368421
11,p,19,30.0
4,d,15,0.26666666666666666
3,d,13,0.23076923076923078
1,m,2,2.0
20,p,10,30.0
16,s,18,-2.0
10,p,16,26.0
13,d,7,1.8571428571428572
11,d,20,0.55
4,p,17,21.0
0,s,20,-20.0
16,d,15,1.0666666666666667
5,d,2,2.5
10,m,7,70.0
8,s,1,7.0
17,d,20,0.85
12,p,7,19.0
14,d,14,1.0
2,d,15,0.13333333333333333
10,d,3,3.3333333333333335
20,p,0,20.0
12,p,13,25.0
17,p,17,34.0
2,m,19,38.0
16,s,17,-1.0
20,m,14,280.0
11,s,1,10.0
14,d,10,1.4
11,p,14,25.0
3,p,7,10.0
10,m,11,110.0
17,m,16,272.0
3,s,1,2.0
15,d,4,3.75
3,s,8,-5.0
6,d,3,2.0
6,s,14,-8.0
10,d,3,3.3333333333333335
1,p,20,21.0
14,s,14,0.0
15,p,0,15.0
17,d,13,1.3076923076923077
16,s,5,11.0
4,d,3,1.3333333333333333
19,m,19,361.0
16,d,12,1.3333333333333333
19,m,7,133.0
12,m,10,120.0
14,s,4,10.0
13,m,19,247.0
17,s,10,7.0
6,m,6,36.0
11,s,4,7.0
16,m,17,272.0
3,d,11,0.2727272727272727
18,d,18,1.0
17,d,9,1.8888888888888888
0,p,16,16.0
0,s,12,-12.0
1,s,1,0.0
8,m,5,40.0
8,p,4,12.0
9,p,6,15.0
11,p,14,25.0
19,s,17,2.0
20,d,17,1.1764705882352942
7,m,16,112.0
1,d,12,0.08333333333333333
13,p,10,23.0
0,s,8,-8.0
19,s,14,5.0
20,m,20,400.0
18,s,17,1.0
6,d,9,0.6666666666666666
5,s,2,3.0
5,p,16,21.0
12,d,1,12.0
8,m,17,136.0
4,m,5,20.0
0,d,10,0.0
4,s,1,3.0
10,p,19,29.0
20,m,19,380.0
15,m,18,270.0
2,s,10,-8.0
5,p,16,21.0
16,d,5,3.2
17,d,17,1.0
2,s,11,-9.0
6,m,10,60.0
11,s,9,2.0
19,d,16,1.1875
17,p,20,37.0
3,d,11,0.2727272727272727
7,s,20,-13.0
1,d,10,0.1
3,m,12,36.0
17,p,9,26.0
16,d,11,1.4545454545454546
15,m,1,15.0
20,m,6,120.0
16,p,2,18.0
5,p,17,22.0
20,s,2,18.0
20,d,6,3.3333333333333335
3,d,6,0.5
20,s,2,18.0
0,m,14,0.0
1,p,2,3.0
1,m,5,5.0
17,s,2,15.0
8,d,13,0.6153846153846154
14,d,20,0.7
13,p,10,23.0
12,p,3,15.0
20,p,19,39.0
18,p,1,19.0
11,p,16,27.0
9,p,9,18.0
9,d,14,0.6428571428571429
12,d,0,0.0
5,s,17,-12.0
4,m,12,48.0
20,m,4,80.0
20,p,11,31.0
17,s,17,0.0
3,p,1,4.0
18,d,19,0.9473684210526315
17,p,17,34.0
9,m,6,54.0
6,s,13,-7.0
5,s,5,0.0
19,s,8,11.0
3,p,5,8.0
17,p,14,31.0
9,m,2,18.0
3,d,6,0.5
10,s,11,-1.0
20,p,7,27.0
9,p,19,28.0
6,d,10,0.6
14,m,10,140.0
18,m,4,72.0
10,s,13,-3.0
0,s,10,-10.0
7,d,20,0.35
8,s,11,-3.0
10,d,15,0.6666666666666666
14,m,11,154.0
15,p,17,32.0
5,p,20,25.0
8,s,4,4.0
8,p,20,28.0
2,p,0,2.0
18,d,18,1.0
18,p,6,24.0
17,d,8,2.125
20,m,4,80.0
12,m,7,84.0
4,p,14,18.0
12,p,11,23.0
7,s,19,-12.0
16,d,4,4.0
5,s,5,0.0
15,p,11,26.0
7,s,15,-8.0
2,m,8,16.0
7,s,1,6.0
16,d,11,1.4545454545454546
15,p,14,29.0
1,m,20,20.0
3,m,16,48.0
8,s,18,-10.0
12,d,20,0.6
11,p,18,29.0
16,d,8,2.0
7,d,16,0.4375
11,d,11,1.0
15,p,19,34.0
16,d,4,4.0
5,p,7,12.0
16,m,20,320.0
6,s,4,2.0
5,p,11,16.0
7,m,13,91.0
3,d,15,0.2
15,s,6,9.0
20,p,13,33.0
7,s,1,6.0
18,s,18,0.0
4,p,20,24.0
18,p,4,22.0
5,s,8,-3.0
16,p,12,28.0
9,s,2,7.0
14,d,19,0.7368421052631579
15,s,5,10.0
13,s,19,-6.0
18,m,5,90.0
5,d,10,0.5
19,p,18,37.0
7,d,12,0.5833333333333334
4,p,3,7.0
6,d,16,0.375
4,p,19,23.0
5,p,15,20.0
17,p,16,33.0
2,s,15,-13.0
19,p,17,36.0
20,d,13,1.5384615384615385
11,d,1,11.0
7,d,15,0.4666666666666667
11,p,18,29.0
13,m,4,52.0
15,p,7,22.0
9,d,19,0.47368421052631576
8,p,6,14.0
0,p,18,18.0
16,d,0,0.0
20,m,6,120.0
13,p,11,24.0
4,m,13,52.0
8,d,17,0.47058823529411764
18,m,11,198.0
12,d,6,2.0
17,d,17,1.0
5,d,11,0.45454545454545453
8,m,9,72.0
12,p,4,16.0
7,s,14,-7.0
3,d,6,0.5
10,p,17,27.0
5,p,12,17.0
2,d,4,0.5
19,p,13,32.0
2,s,8,-6.0
11,p,2,13.0
12,m,12,144.0
19,s,1,18.0
20,d,15,1.3333333333333333
0,m,6,0.0
6,s,1,5.0
19,p,5,24.0
11,p,7,18.0
5,m,2,10.0
12,d,11,1.0909090909090908
12,s,18,-6.0
16,p,0,16.0
2,m,17,34.0
17,m,18,306.0
11,s,8,3.0
19,d,6,3.1666666666666665
12,p,18,30.0
8,d,5,1.6
16,p,3,19.0
16,m,9,144.0
3,m,16,48.0
17,m,18,306.0
14,d,12,1.1666666666666667
7,d,10,0.7
14,p,18,32.0
15,m,3,45.0
2,s,12,-10.0
7,d,10,0.7
11,p,16,27.0
8,m,7,56.0
2,m,12,24.0
2,s,17,-15.0
15,m,10,150.0
6,m,18,108.0
5,d,6,0.8333333333333334
6,s,7,-1.0
8,s,6,2.0
6,m,7,42.0
4,p,3,7.0
2,p,15,17.0
17,d,1,17.0
11,m,19,209.0
15,m,18,270.0
15,m,5,75.0
12,s,7,5.0
1,d,16,0.0625
15,p,17,32.0
16,d,11,1.4545454545454546
5,p,14,19.0
16,m,14,224.0
0,s,0,0.0
12,p,18,30.0
10,m,11,110.0
5,m,17,85.0
7,d,8,0.875
19,m,10,190.0
5,d,15,0.3333333333333333
6,m,13,78.0
11,m,12,132.0
14,s,5,9.0
18,p,7,25.0
8,d,7,1.1428571428571428
12,s,6,6.0
4,p,15,19.0
5,d,13,0.38461538461538464
4,m,20,80.0
15,m,9,135.0
17,p,18,35.0
12,s,3,9.0
1,m,6,6.0
15,p,20,35.0
14,m,10,140.0
11,m,11,121.0
11,d,0,0.0
3,s,11,-8.0
18,s,18,0.0
9,m,11,99.0
16,d,15,1.0666666666666667
2,m,12,24.0
14,s,20,-6.0
5,m,20,100.0
13,d,20,0.65
2,s,2,0.0
10,m,7,70.0
10,m,20,200.0
8,d,19,0.42105263157894735
8,m,14,112.0
18,d,16,1.125
13,s,5,8.0
0,s,4,-4.0
8,s,2,6.0
5,p,12,17.0
3,d,2,1.5
17,p,1,18.0
12,p,16,28.0
3,s,8,-5.0
2,d,20,0.1
9,s,7,2.0
9,s,14,-5.0
4,s,16,-12.0
0,m,1,0.0
10,d,15,0.6666666666666666
17,d,8,2.125
4,s,17,-13.0
18,d,19,0.9473684210526315
20,d,20,1.0
16,m,20,320.0
11,s,15,-4.0
2,m,14,28.0
11,m,13,143.0
4,p,9,13.0
0,s,16,-16.0
11,d,9,1.2222222222222223
17,d,0,0.0
15,p,9,24.0
13,s,9,4.0
0,m,17,0.0
6,d,13,0.46153846153846156
12,s,7,5.0
20,d,12,1.6666666666666667
7,p,8,15.0
13,s,20,-7.0
16,m,19,304.0
9,m,20,180.0
13,p,6,19.0
5,m,4,20.0
3,d,20,0.15
19,m,14,266.0
19,s,15,4.0
10,s,0,10.0
1,p,17,18.0
5,m,3,15.0
8,d,4,2.0
0,p,7,7.0
4,d,0,0.0
6,d,10,0.6
9,m,15,135.0
14,m,1,14.0
2,p,4,6.0
8,p,12,20.0
17,s,15,2.0
6,d,8,0.75
0,s,3,-3.0
12,s,14,-2.0
1,d,6,0.16666666666666666
3,s,16,-13.0
15,m,12,180.0
10,p,5,15.0
17,p,16,33.0
8,m,15,120.0
6,p,11,17.0
6,s,3,3.0
20,m,13,260.0
0,m,5,0.0
18,d,3,6.0
7,p,0,7.0
18,s,15,3.0
11,s,2,9.0
5,p,15,20.0
19,p,10,29.0
1,s,11,-10.0
17,s,3,14.0
15,m,7,105.0
17,m,20,340.0
14,p,6,20.0
12,s,11,1.0
8,d,1,8.0
14,m,17,238.0
17,s,15,2.0
18,m,5,90.0
10,m,14,140.0
19,s,17,2.0
2,s,16,-14.0
14,m,9,126.0
17,d,11,1.5454545454545454
0,d,20,0.0
5,m,0,0.0
19,m,7,133.0
2,d,17,0.11764705882352941
6,d,16,0.375
17,m,4,68.0
10,m,13,130.0
3,p,3,6.0
1,s,4,-3.0
1,p,6,7.0
15,p,6,21.0
1,d,18,0.05555555555555555
15,m,16,240.0
1,s,11,-10.0
19,p,2,21.0
6,d,20,0.3
2,p,14,16.0
11,d,17,0.6470588235294118
11,m,1,11.0
16,p,1,17.0
9,s,2,7.0
16,p,3,19.0
7,d,17,0.4117647058823529
6,s,6,0.0
18,s,20,-2.0
17,d,17,1.0
3,m,20,60.0
14,p,13,27.0
5,d,5,1.0
16,s,10,6.0
17,d,19,0.8947368421052632
11,m,10,110.0
11,d,13,0.8461538461538461
10,s,19,-9.0
18,s,17,1.0
12,m,17,204.0
11,d,14,0.7857142857142857
12,p,0,12.0
9,p,19,28.0
16,m,4,64.0
0,s,9,-9.0
6,p,10,16.0
8,s,17,-9.0
3,d,1,3.0
11,s,4,7.0
8,s,11,-3.0
7,m,8,56.0
2,d,18,0.1111111111111111
18,p,6,24.0
10,s,15,-5.0
15,p,18,33.0
19,m,20,380.0
1,d,18,0.05555555555555555
2,m,1,2.0
11,d,13,0.8461538461538461
3,p,7,10.0
20,d,20,1.0
1,p,9,10.0
10,s,17,-7.0
10,s,16,-6.0
4,d,1,4.0
14,p,19,33.0
7,m,13,91.0
12,s,4,8.0
10,d,2,5.0
18,d,1,18.0
8,d,2,4.0
16,s,13,3.0
4,s,15,-11.0
15,s,12,3.0
17,s,19,-2.0
7,m,2,14.0
13,p,10,23.0
3,d,13,0.23076923076923078
11,s,11,0.0
10,p,11,21.0
9,m,5,45.0
19,s,14,5.0
14,s,1,13.0
6,s,11,-5.0
2,p,3,5.0
7,s,19,-12.0
9,m,0,0.0
3,d,9,0.3333333333333333
15,m,0,0.0
6,s,17,-11.0
6,m,17,102.0
17,s,15,2.0
0,p,12,12.0
8,p,5,13.0
9,m,6,54.0
1,p,14,15.0
2,m,12,24.0
11,p,3,14.0
9,d,20,0.45
7,p,12,19.0
10,p,15,25.0
5,d,6,0.8333333333333334
17,p,0,17.0
7,m,16,112.0
10,d,15,0.6666666666666666
5,m,0,0.0
11,m,11,121.0
7,m,16,112.0
1,m,20,20.0
12,m,0,0.0
7,m,4,28.0
12,p,4,16.0
12,s,16,-4.0
13,s,7,6.0
13,m,9,117.0
14,s,17,-3.0
6,s,20,-14.0
18,s,17,1.0
4,s,9,-5.0
13,s,4,9.0
10,p,2,12.0
5,s,10,-5.0
0,d,10,0.0
13,d,9,1.4444444444444444
20,s,8,12.0
6,s,3,3.0
5,m,0,0.0
19,s,18,1.0
19,s,7,12.0
0,p,11,11.0
15,d,4,3.75
20,s,11,9.0
12,d,15,0.8
4,s,5,-1.0
7,d,1,7.0
0,d,8,0.0
7,s,6,1.0
2,d,5,0.4
19,m,15,285.0
14,d,7,2.0
12,d,1,12.0
10,p,12,22.0
16,d,3,5.333333333333333
14,s,1,13.0
16,d,17,0.9411764705882353
1,d,17,0.058823529411764705
16,p,20,36.0
6,d,9,0.6666666666666666
12,m,9,108.0
14,d,5,2.8
9,p,19,28.0
16,d,4,4.0
20,p,14,34.0
16,s,3,13.0
18,s,17,1.0
12,m,13,156.0
14,s,0,14.0
14,s,18,-4.0
14,m,2,28.0
10,s,20,-10.0
3,p,2,5.0
14,m,20,280.0
2,d,16,0.125
16,s,19,-3.0
12,d,17,0.7058823529411765
1,m,5,5.0
18,s,4,14.0
4,p,5,9.0
13,m,9,117.0
14,s,9,5.0
3,s,4,-1.0
0,m,19,0.0
0,d,14,0.0
15,p,17,32.0
19,s,15,4.0
6,d,18,0.3333333333333333
14,d,13,1.0769230769230769
2,p,19,21.0
7,m,17,119.0
19,s,20,-1.0
1,s,5,-4.0
1,m,20,20.0
1,p,4,5.0
18,m,19,342.0
10,p,2,12.0
3,s,13,-10.0
5,s,9,-4.0
14,m,18,252.0
1,m,2,2.0
10,d,11,0.9090909090909091
2,p,13,15.0
9,s,15,-6.0
3,m,8,24.0
16,s,13,3.0
6,p,19,25.0
3,p,18,21.0
15,m,19,285.0
13,m,19,247.0
8,m,16,128.0
4,d,19,0.21052631578947367
16,d,20,0.8
15,s,5,10.0
9,p,6,15.0
3,d,0,0.0
20,s,3,17.0
19,d,13,1.4615384615384615
1,m,10,10.0
17,s,20,-3.0
0,s,20,-20.0
9,p,8,17.0
9,m,9,81.0
0,m,3,0.0
10,p,12,22.0
5,m,6,30.0
10,d,15,0.6666666666666666
1,s,20,-19.0
15,d,4,3.75
17,d,10,1.7
13,m,1,13.0
18,p,10,28.0
6,m,18,108.0
11,s,2,9.0
8,m,0,0.0
12,s,20,-8.0
18,d,19,0.9473684210526315
5,p,19,24.0
9,p,10,19.0
8,p,13,21.0
15,m,7,105.0
14,s,9,5.0
16,s,9,7.0
3,p,11,14.0
6,d,2,3.0
16,d,0,0.0
16,s,4,12.0
10,m,15,150.0
10,p,4,14.0
16,s,4,12.0
1,d,14,0.07142857142857142
16,p,3,19.0
9,p,1,10.0
10,p,14,24.0
3,m,16,48.0
0,m,18,0.0
20,m,6,120.0
6,m,6,36.0
8,m,17,136.0
14,m,3,42.0
4,m,5,20.0
3,p,0,3.0
6,m,17,102.0
17,m,10,170.0
4,s,9,-5.0
5,m,2,10.0
19,d,10,1.9
1,p,4,5.0
15,p,1,16.0
12,p,1,13.0
13,s,12,1.0
19,d,18,1.0555555555555556
19,m,11,209.0
10,p,6,16.0
14,s,18,-4.0
2,p,14,16.0
14,d,9,1.5555555555555556
15,s,7,8.0
4,m,19,76.0
11,s,12,-1.0
10,d,10,1.0
15,p,0,15.0
15,m,3,45.0
15,s,14,1.0
9,s,11,-2.0
16,d,3,5.333333333333333
3,p,10,13.0
9,d,17,0.5294117647058824
12,d,18,0.6666666666666666
7,s,19,-12.0
17,d,5,3.4
12,m,2,24.0
6,d,18,0.3333333333333333
13,m,18,234.0
17,s,7,10.0
2,d,18,0.1111111111111111
3,d,18,0.16666666666666666
10,p,17,27.0
14,m,5,70.0
12,p,2,14.0
19,m,12,228.0
15,p,20,35.0
2,s,6,-4.0
18,p,20,38.0
4,d,4,1.0
17,d,9,1.8888888888888888
19,d,18,1.0555555555555556
6,m,6,36.0
9,m,18,162.0
13,p,11,24.0
18,d,0,0.0
4,p,9,13.0
11,p,17,28.0
0,m,17,0.0
3,p,9,12.0
7,d,13,0.5384615384615384
20,d,10,2.0
12,d,12,1.0
17,s,6,11.0
15,s,4,11.0
17,m,12,204.0
13,m,4,52.0
4,p,4,8.0
2,p,20,22.0
4,d,15,0.26666666666666666
4,s,2,2.0
20,d,13,1.5384615384615385
19,s,13,6.0
14,d,16,0.875
17,d,14,1.2142857142857142
11,s,7,4.0
13,p,19,32.0
18,s,15,3.0
16,d,8,2.0
17,m,18,306.0
1,d,1,1.0
11,d,3,3.6666666666666665
2,m,4,8.0
14,p,16,30.0
16,p,19,35.0
7,p,15,22.0
20,m,17,340.0
19,m,1,19.0
17,d,0,0.0
14,d,16,0.875
18,d,10,1.8
11,m,9,99.0
5,m,1,5.0
18,p,8,26.0
20,s,15,5.0
18,m,1,18.0
19,m,0,0.0
15,s,2,13.0
16,m,2,32.0
8,m,4,32.0
8,p,8,16.0
3,s,19,-16.0
18,d,4,4.5
11,m,5,55.0
7,s,15,-8.0
16,m,1,16.0
2,s,4,-2.0
15,d,13,1.1538461538461537
7,s,14,-7.0
6,m,18,108.0
1,m,20,20.0
3,s,1,2.0
14,d,12,1.1666666666666667
9,s,15,-6.0
12,d,12,1.0
8,d,4,2.0
0,d,9,0.0
12,p,10,22.0
3,m,17,51.0
13,m,19,247.0
10,m,8,80.0
3,d,8,0.375
14,s,7,7.0
16,s,10,6.0
10,p,17,27.0
0,p,2,2.0
13,p,3,16.0
14,s,11,3.0
9,s,8,1.0
1,p,0,1.0
1,s,19,-18.0
19,p,20,39.0
3,s,2,1.0
12,s,20,-8.0
3,m,5,15.0
9,p,14,23.0
20,m,14,280.0
13,m,10,130.0
5,m,2,10.0
1,d,12,0.08333333333333333
10,m,1,10.0
8,d,5,1.6
2,s,15,-13.0
19,s,12,7.0
20,p,15,35.0
4,d,17,0.23529411764705882
6,p,19,25.0
14,p,8,22.0
1,p,2,3.0
18,d,8,2.25
0,s,15,-15.0
20,p,20,40.0
1,m,12,12.0
4,d,10,0.4
18,d,0,0.0
15,d,13,1.1538461538461537
2,s,17,-15.0
0,d,12,0.0
3,m,18,54.0
10,d,9,1.1111111111111112
1,p,20,21.0
11,m,17,187.0
2,m,14,28.0
20,s,6,14.0
17,d,1,17.0
6,d,9,0.6666666666666666
3,m,20,60.0
15,d,2,7.5
6,p,4,10.0
6,s,0,6.0
15,p,12,27.0
17,m,20,340.0
15,d,17,0.8823529411764706
0,m,1,0.0
1,p,10,11.0
12,s,3,9.0
20,d,16,1.25
17,s,4,13.0
2,s,1,1.0
15,p,20,35.0
15,p,19,34.0
7,s,20,-13.0
0,p,5,5.0
9,d,3,3.0
19,p,5,24.0
3,d,3,1.0
19,s,19,0.0
2,d,6,0.3333333333333333
10,m,12,120.0
3,s,18,-15.0
10,p,6,16.0
18,m,5,90.0
2,m,3,6.0
4,s,13,-9.0
11,s,17,-6.0
14,p,7,21.0
4,d,3,1.3333333333333333
5,d,0,0.0
2,p,0,2.0
5,m,2,10.0
13,s,15,-2.0
6,m,4,24.0
16,d,14,1.1428571428571428
7,p,5,12.0
19,d,5,3.8
19,m,2,38.0
11,p,13,24.0
17,s,7,10.0
3,p,16,19.0
19,s,11,8.0
14,s,20,-6.0
8,s,1,7.0
3,d,4,0.75
15,s,5,10.0
1,m,1,1.0
9,d,6,1.5
8,d,10,0.8
1,p,3,4.0
17,s,5,12.0
0,p,15,15.0
2,d,7,0.2857142857142857
18,m,18,324.0
13,m,6,78.0
7,m,3,21.0
7,s,3,4.0
13,d,6,2.1666666666666665
7,d,2,3.5
18,p,15,33.0
13,s,4,9.0
19,s,14,5.0
12,s,11,1.0
14,m,6,84.0
8,m,6,48.0
4,p,1,5.0
8,p,4,12.0
14,d,14,1.0
5,s,10,-5.0
9,s,19,-10.0
20,s,19,1.0
18,s,17,1.0
2,d,13,0.15384615384615385
6,d,18,0.3333333333333333
14,p,8,22.0
13,s,7,6.0
10,s,13,-3.0
18,p,4,22.0
13,p,1,14.0
15,p,16,31.0
13,d,16,0.8125
15,d,3,5.0
15,p,7,22.0
17,d,0,0.0
6,m,4,24.0
9,p,7,16.0
0,m,15,0.0
5,p,14,19.0
14,s,14,0.0
12,m,5,60.0
20,p,14,34.0
20,d,2,10.0
10,p,16,26.0
9,m,13,117.0
19,s,17,2.0
2,m,19,38.0
1,m,16,16.0
1,d,3,0.3333333333333333
11,p,14,25.0
11,s,11,0.0
20,p,17,37.0
17,s,6,11.0
10,p,7,17.0
20,s,15,5.0
7,m,10,70.0
8,d,16,0.5
8,p,1,9.0
11,d,11,1.0
15,p,16,31.0
15,m,17,255.0
14,m,19,266.0
2,d,6,0.3333333333333333
2,d,2,1.0
5,p,9,14.0
3,m,5,15.0
3,d,4,0.75
4,p,6,10.0
9,s,13,-4.0
15,d,11,1.3636363636363635
14,p,20,34.0
9,p,6,15.0
0,m,7,0.0
13,m,18,234.0
20,m,20,400.0
15,d,18,0.8333333333333334
14,s,9,5.0
9,m,5,45.0
7,m,15,105.0
9,s,1,8.0
11,d,9,1.2222222222222223
5,s,19,-14.0
17,s,9,8.0
5,s,4,1.0
7,p,3,10.0
10,s,18,-8.0
14,m,8,112.0
5,p,6,11.0
10,s,11,-1.0
11,s,14,-3.0
17,p,9,26.0
0,d,12,0.0
4,m,14,56.0
4,m,0,0.0
20,d,9,2.2222222222222223
9,s,18,-9.0
18,m,14,252.0
3,p,15,18.0
4,p,17,21.0
9,d,0,0.0
19,d,7,2.7142857142857144
11,m,2,22.0
1,s,19,-18.0
18,s,16,2.0
8,p,6,14.0
2,d,17,0.11764705882352941
2,d,16,0.125
6,m,15,90.0
19,p,19,38.0
11,s,12,-1.0
13,d,11,1.1818181818181819
11,m,0,0.0
11,m,11,121.0
14,p,17,31.0
6,d,14,0.42857142857142855
14,s,9,5.0
13,s,13,0.0
18,p,19,37.0
4,m,6,24.0
15,m,16,240.0
2,d,18,0.1111111111111111
2,d,0,0.0
20,d,8,2.5
5,d,17,0.29411764705882354
18,s,4,14.0
5,m,12,60.0
17,p,15,32.0
9,m,18,162.0
15,d,17,0.8823529411764706
7,p,0,7.0
4,m,8,32.0
20,d,20,1.0
3,m,20,60.0
13,d,5,2.6
20,p,7,27.0
3,d,8,0.375
2,m,19,38.0
18,d,15,1.2
8,d,20,0.4
3,p,11,14.0
8,p,5,13.0
4,d,10,0.4
4,s,11,-7.0
1,m,8,8.0
13,m,20,260.0
1,m,9,9.0
16,p,20,36.0
16,s,6,10.0
3,s,19,-16.0
17,m,10,170.0
9,m,8,72.0
3,m,17,51.0
4,s,0,4.0
16,m,9,144.0
15,m,13,195.0
5,s,3,2.0
4,s,16,-12.0
6,p,17,23.0
13,p,14,27.0
3,p,4,7.0
15,m,11,165.0
11,d,4,2.75
19,m,16,304.0
5,p,9,14.0
3,s,7,-4.0
4,m,7,28.0
4,s,6,-2.0
2,p,13,15.0
2,d,0,0.0
13,s,1,12.0
3,p,1,4.0
15,m,3,45.0
1,m,2,2.0
0,p,3,3.0
19,s,6,13.0
5,p,11,16.0
2,m,4,8.0
18,m,11,198.0
5,s,16,-11.0
16,p,18,34.0
3,p,18,21.0
16,s,6,10.0
9,p,5,14.0
3,d,6,0.5
11,s,18,-7.0
14,s,3,11.0
11,d,12,0.9166666666666666
6,s,16,-10.0
13,m,3,39.0
3,p,14,17.0
16,d,4,4.0
11,p,9,20.0
2,d,10,0.2
3,m,12,36.0
14,m,19,266.0
14,d,7,2.0
9,s,13,-4.0
2,m,15,30.0
5,d,0,0.0
3,d,12,0.25
16,p,2,18.0
4,d,12,0.3333333333333333
18,s,3,15.0
2,s,11,-9.0
10,d,6,1.6666666666666667
3,d,7,0.42857142857142855
15,m,8,120.0
20,m,12,240.0
15,d,19,0.7894736842105263
15,m,16,240.0
4,p,14,18.0
3,d,8,0.375
15,s,7,8.0
0,p,3,3.0
2,p,15,17.0
5,m,12,60.0
4,p,9,13.0
2,d,16,0.125
14,m,6,84.0
15,m,15,225.0
17,p,10,27.0
1,p,13,14.0
12,m,14,168.0
12,d,14,0.8571428571428571
1,s,1,0.0
17,s,9,8.0
15,s,13,2.0
9,d,12,0.75
3,d,18,0.16666666666666666
17,d,17,1.0
15,s,17,-2.0
16,d,1,16.0
8,d,15,0.5333333333333333
19,m,11,209.0
10,p,1,11.0
18,s,1,17.0
11,p,11,22.0
20,d,10,2.0
3,m,13,39.0
11,m,13,143.0
1,s,7,-6.0
7,m,20,140.0
18,p,2,20.0
9,m,3,27.0
5,m,0,0.0
1,d,14,0.07142857142857142
18,d,16,1.125
8,d,0,0.0
18,m,0,0.0
12,d,18,0.6666666666666666
10,p,18,28.0
15,s,3,12.0
10,m,15,150.0
5,m,19,95.0
11,s,13,-2.0
15,p,20,35.0
17,m,6,102.0
8,m,1,8.0
18,s,12,6.0
19,p,2,21.0
18,m,10,180.0
2,d,18,0.1111111111111111
13,m,6,78.0
2,m,20,40.0
16,d,9,1.7777777777777777
17,s,10,7.0
13,m,12,156.0
19,d,16,1.1875
17,p,5,22.0
20,s,16,4.0
18,s,15,3.0
14,d,8,1.75
18,p,20,38.0
16,m,6,96.0
14,s,4,10.0
4,d,9,0.4444444444444444
13,p,10,23.0
20,d,6,3.3333333333333335
8,s,9,-1.0
8,s,19,-11.0
12,p,7,19.0
4,p,6,10.0
7,d,9,0.7777777777777778
15,d,17,0.8823529411764706
13,p,20,33.0
6,m,5,30.0
4,m,0,0.0
8,s,17,-9.0
20,d,1,20.0
0,p,1,1.0
10,m,19,190.0
2,m,13,26.0
2,s,12,-10.0
7,p,3,10.0
16,m,18,288.0
15,s,2,13.0
19,m,3,57.0
10,d,18,0.5555555555555556
7,s,13,-6.0
4,s,3,1.0
6,d,8,0.75
13,p,8,21.0
15,m,17,255.0
3,d,10,0.3
15,m,7,105.0
4,d,11,0.36363636363636365
11,p,9,20.0
20,p,19,39.0
1,m,7,7.0
17,m,12,204.0
20,p,11,31.0
17,d,7,2.4285714285714284
12,d,0,0.0
8,p,9,17.0
7,s,9,-2.0
5,m,14,70.0
20,p,13,33.0
8,d,2,4.0
15,m,13,195.0
13,s,3,10.0
8,p,16,24.0
11,m,13,143.0
14,p,0,14.0
20,s,20,0.0
20,s,14,6.0
0,s,12,-12.0
20,m,9,180.0
18,p,2,20.0
5,s,7,-2.0
19,m,13,247.0
14,s,15,-1.0
8,m,5,40.0
9,p,6,15.0
13,s,11,2.0
12,s,12,0.0
0,s,0,0.0
2,s,14,-12.0
8,p,5,13.0
12,d,19,0.631578947368421
19,s,8,11.0
2,s,11,-9.0
18,p,3,21.0
16,d,13,1.2307692307692308
15,s,3,12.0
6,m,6,36.0
9,d,15,0.6
4,s,13,-9.0
19,m,6,114.0
6,s,13,-7.0
13,p,4,17.0
9,s,8,1.0
19,s,14,5.0
11,d,18,0.6111111111111112
2,d,0,0.0
4,d,10,0.4
6,d,12,0.5
19,p,8,27.0
3,p,17,20.0
1,s,10,-9.0
15,p,11,26.0
0,d,8,0.0
9,m,12,108.0
4,p,17,21.0
18,m,5,90.0
5,d,16,0.3125
10,s,14,-4.0
2,d,10,0.2
4,p,8,12.0
10,s,1,9.0
15,m,8,120.0
13,m,9,117.0
19,m,8,152.0
13,m,5,65.0
15,d,4,3.75
1,s,6,-5.0
1,s,7,-6.0
1,m,15,15.0
5,d,14,0.35714285714285715
3,p,15,18.0
14,d,11,1.2727272727272727
14,p,15,29.0
4,m,3,12.0
2,m,6,12.0
5,m,5,25.0
18,s,18,0.0
18,s,0,18.0
13,s,2,11.0
15,m,3,45.0
0,p,9,9.0
12,p,11,23.0
10,p,4,14.0
2,d,14,0.14285714285714285
14,m,20,280.0
19,m,0,0.0
1,d,20,0.05
10,s,18,-8.0
6,m,1,6.0
10,p,1,11.0
17,d,19,0.8947368421052632
2,m,12,24.0
5,d,7,0.7142857142857143
2,s,0,2.0
5,d,12,0.4166666666666667
9,s,20,-11.0
3,d,9,0.3333333333333333
13,s,9,4.0
11,m,3,33.0
16,d,6,2.6666666666666665
14,d,12,1.1666666666666667
8,d,18,0.4444444444444444
2,m,13,26.0
19,d,5,3.8
20,p,13,33.0
1,m,16,16.0
14,s,7,7.0
15,p,16,31.0
9,d,14,0.6428571428571429
2,m,15,30.0
4,m,4,16.0
7,d,16,0.4375
9,p,18,27.0
17,p,2,19.0
16,d,3,5.333333333333333
13,d,3,4.333333333333333
18,m,8,144.0
8,p,18,26.0
16,p,0,16.0
14,s,5,9.0
12,p,1,13.0
13,m,9,117.0
18,d,14,1.2857142857142858
19,m,8,152.0
5,s,6,-1.0
2,m,19,38.0
3,p,13,16.0
0,p,12,12.0
0,d,5,0.0
14,d,12,1.1666666666666667
9,m,19,171.0
12,p,9,21.0
4,p,4,8.0
6,p,3,9.0
6,s,0,6.0
15,s,20,-5.0
20,d,7,2.857142857142857
20,s,17,3.0
2,d,9,0.2222222222222222
4,d,15,0.26666666666666666
0,s,3,-3.0
4,d,14,0.2857142857142857
15,d,0,0.0
18,s,7,11.0
9,d,18,0.5
1,p,10,11.0
3,d,20,0.15
13,m,15,195.0
1,d,15,0.06666666666666667
15,d,16,0.9375
7,p,1,8.0
13,m,18,234.0
17,m,2,34.0
20,d,13,1.5384615384615385
3,m,15,45.0
14,p,13,27.0
5,s,9,-4.0
15,d,11,1.3636363636363635
7,s,16,-9.0
18,d,10,1.8
4,d,9,0.4444444444444444
13,m,20,260.0
15,s,5,10.0
9,d,2,4.5
4,s,5,-1.0
5,d,19,0.2631578947368421
3,d,13,0.23076923076923078
9,s,7,2.0
17,p,1,18.0
11,m,8,88.0
5,p,5,10.0
2,d,10,0.2
3,s,19,-16.0
3,s,17,-14.0
15,m,8,120.0
11,m,1,11.0
4,p,16,20.0
1,d,14,0.07142857142857142
3,p,3,6.0
17,p,1,18.0
5,p,20,25.0
6,s,11,-5.0
9,d,14,0.6428571428571429
3,m,4,12.0
10,p,4,14.0
6,d,14,0.42857142857142855
0,d,7,0.0
10,s,9,1.0
2,m,8,16.0
13,s,11,2.0
4,d,16,0.25
7,d,4,1.75
13,d,13,1.0
16,p,11,27.0
14,p,4,18.0
16,p,2,18.0
10,d,10,1.0
5,p,13,18.0
12,s,1,11.0
18,m,1,18.0
13,m,12,156.0
10,p,11,21.0
8,s,16,-8.0
12,s,14,-2.0
17,d,19,0.8947368421052632
11,d,20,0.55
6,p,9,15.0
1,m,17,17.0
12,m,4,48.0
6,m,2,12.0
16,s,10,6.0
0,m,0,0.0
7,d,9,0.7777777777777778
16,p,3,19.0
11,m,8,88.0
3,p,1,4.0
14,p,9,23.0
14,s,10,4.0
18,s,18,0.0
11,m,9,99.0
18,d,4,4.5
16,p,7,23.0
10,s,16,-6.0
11,p,14,25.0
4,d,13,0.3076923076923077
2,p,2,4.0
13,d,4,3.25
6,p,14,20.0
11,d,16,0.6875
18,d,17,1.0588235294117647
8,d,18,0.4444444444444444
20,d,13,1.5384615384615385
15,s,13,2.0
4,s,16,-12.0
15,s,14,1.0
16,p,16,32.0
6,d,14,0.42857142857142855
1,m,5,5.0
3,d,19,0.15789473684210525
3,m,3,9.0
18,p,9,27.0
16,p,4,20.0
11,m,9,99.0
9,d,9,1.0
0,s,4,-4.0
18,p,13,31.0
9,s,9,0.0
5,p,15,20.0
3,m,17,51.0
2,d,1,2.0
15,m,18,270.0
18,m,14,252.0
12,s,15,-3.0
4,d,16,0.25
14,s,14,0.0
10,d,2,5.0
12,d,7,1.7142857142857142
10,p,17,27.0
14,p,8,22.0
5,m,0,0.0
17,p,20,37.0
20,p,17,37.0
6,p,19,25.0
18,s,16,2.0
15,p,16,31.0
3,s,17,-14.0
0,s,8,-8.0
7,d,18,0.3888888888888889
2,m,17,34.0
12,p,18,30.0
15,m,0,0.0
13,d,5,2.6
0,m,16,0.0
12,p,8,20.0
3,s,3,0.0
9,s,4,5.0
8,s,2,6.0
9,s,13,-4.0
1,m,19,19.0
5,p,0,5.0
9,p,12,21.0
10,d,4,2.5
10,d,8,1.25
3,s,1,2.0
7,s,19,-12.0
15,d,16,0.9375
3,p,8,11.0
10,d,14,0.7142857142857143
2,p,15,17.0
13,s,20,-7.0
0,p,8,8.0
7,s,17,-10.0
9,d,18,0.5
14,s,2,12.0
4,s,11,-7.0
7,d,17,0.4117647058823529
17,p,14,31.0
0,m,14,0.0
20,p,5,25.0
1,m,15,15.0
19,d,8,2.375
11,s,20,-9.0
18,m,16,288.0
1,p,5,6.0
9,d,2,4.5
3,m,4,12.0
13,m,6,78.0
10,m,20,200.0
14,s,8,6.0
10,s,10,0.0
14,m,19,266.0
0,p,4,4.0
19,p,15,34.0
0,d,5,0.0
17,d,15,1.1333333333333333
17,p,2,19.0
17,d,0,0.0
3,d,11,0.2727272727272727
19,d,11,1.7272727272727273
5,p,0,5.0
14,s,11,3.0
14,s,0,14.0
0,m,8,0.0
6,m,2,12.0
7,d,7,1.0
11,m,1,11.0
15,s,19,-4.0
0,d,6,0.0
3,d,8,0.375
5,s,17,-12.0
18,s,19,-1.0
2,s,18,-16.0
2,m,4,8.0
18,m,7,126.0
6,m,0,0.0
17,p,14,31.0
13,p,20,33.0
10,d,13,0.7692307692307693
8,d,3,2.6666666666666665
15,p,11,26.0
7,m,1,7.0
13,d,17,0.7647058823529411
10,d,0,0.0
6,p,10,16.0
18,s,0,18.0
13,s,2,11.0
6,m,5,30.0
9,p,2,11.0
0,d,15,0.0
0,m,18,0.0
8,p,7,15.0
15,m,7,105.0
1,s,10,-9.0
2,d,19,0.10526315789473684
3,d,20,0.15
18,p,3,21.0
1,d,1,1.0
10,s,2,8.0
1,p,14,15.0
9,d,19,0.47368421052631576
2,p,3,5.0
17,m,1,17.0
12,p,12,24.0
19,s,13,6.0
19,p,19,38.0
14,d,12,1.1666666666666667
13,p,19,32.0
10,p,20,30.0
14,m,16,224.0
18,p,6,24.0
3,p,0,3.0
18,s,6,12.0
20,m,16,320.0
11,d,13,0.8461538461538461
19,s,14,5.0
7,p,4,11.0
1,m,4,4.0
18,m,13,234.0
9,s,18,-9.0
4,m,15,60.0
19,m,10,190.0
11,s,0,11.0
1,p,7,8.0
13,s,11,2.0
6,s,20,-14.0
2,s,10,-8.0
15,m,14,210.0
18,m,18,324.0
19,d,9,2.111111111111111
10,p,5,15.0
14,d,1,14.0
7,s,0,7.0
7,s,14,-7.0
7,m,15,105.0
12,d,6,2.0
5,m,0,0.0
0,m,2,0.0
0,p,17,17.0
4,d,9,0.4444444444444444
6,m,20,120.0
1,s,0,1.0
6,s,9,-3.0
7,s,8,-1.0
10,s,17,-7.0
5,p,6,11.0
5,p,8,13.0
0,d,4,0.0
20,m,3,60.0
6,d,9,0.6666666666666666
7,m,11,77.0
5,d,16,0.3125
2,s,3,-1.0
4,s,6,-2.0
17,m,12,204.0
10,d,19,0.5263157894736842
20,p,7,27.0
19,s,18,1.0
17,s,9,8.0
10,p,7,17.0
20,s,8,12.0
16,d,18,0.8888888888888888
6,d,2,3.0
19,s,2,17.0
16,m,12,192.0
15,d,16,0.9375
5,m,10,50.0
16,d,15,1.0666666666666667
15,d,8,1.875
20,p,18,38.0
6,s,7,-1.0
14,d,7,2.0
6,d,9,0.6666666666666666
12,s,18,-6.0
11,p,8,19.0
4,m,2,8.0
14,m,16,224.0
7,p,18,25.0
14,m,16,224.0
13,d,14,0.9285714285714286
13,m,13,169.0
15,m,10,150.0
12,s,0,12.0
14,m,7,98.0
20,m,2,40.0
2,p,9,11.0
8,p,7,15.0
3,m,2,6.0
1,s,17,-16.0
10,m,6,60.0
8,m,9,72.0
6,s,19,-13.0
17,p,8,25.0
9,m,9,81.0
12,p,12,24.0
15,s,20,-5.0
12,s,7,5.0
6,s,15,-9.0
16,d,18,0.8888888888888888
14,p,10,24.0
10,d,6,1.6666666666666667
13,d,6,2.1666666666666665
14,p,17,31.0
11,s,4,7.0
9,d,0,0.0
11,s,10,1.0
13,d,13,1.0
17,m,9,153.0
18,p,0,18.0
4,m,4,16.0
18,d,20,0.9
12,d,6,2.0
2,d,17,0.11764705882352941
6,p,15,21.0
10,d,18,0.5555555555555556
20,p,9,29.0
5,s,3,2.0
1,d,19,0.05263157894736842
0,s,5,-5.0
2,m,12,24.0
6,m,7,42.0
16,d,2,8.0
1,p,11,12.0
5,d,10,0.5
12,p,5,17.0
4,d,17,0.23529411764705882
15,d,2,7.5
6,s,4,2.0
9,d,13,0.6923076923076923
5,m,19,95.0
18,d,6,3.0
8,p,6,14.0
4,p,14,18.0
12,s,19,-7.0
16,d,10,1.6
14,p,14,28.0
2,d,9,0.2222222222222222
11,d,9,1.2222222222222223
19,d,5,3.8
7,d,5,1.4
14,s,12,2.0
18,d,3,6.0
1,s,7,-6.0
8,m,20,160.0
2,d,6,0.3333333333333333
13,p,17,30.0
11,p,2,13.0
16,d,10,1.6
14,m,5,70.0
6,p,16,22.0
14,p,0,14.0
20,d,14,1.4285714285714286
10,s,12,-2.0
12,p,1,13.0
8,s,3,5.0
10,d,14,0.7142857142857143
14,p,2,16.0
17,d,7,2.4285714285714284
4,m,15,60.0
5,p,5,10.0
19,s,3,16.0
9,d,3,3.0
5,p,2,7.0
8,d,4,2.0
11,s,5,6.0
1,s,17,-16.0
14,p,1,15.0
12,d,9,1.3333333333333333
1,p,19,20.0
1,s,12,-11.0
7,s,11,-4.0
6,p,2,8.0
13,p,0,13.0
10,p,6,16.0
7,s,3,4.0
5,d,1,5.0
16,m,3,48.0
10,s,17,-7.0
19,d,6,3.1666666666666665
13,s,3,10.0
6,m,3,18.0
10,p,5,15.0
12,m,20,240.0
0,s,12,-12.0
14,p,7,21.0
8,m,20,160.0
1,s,2,-1.0
13,d,9,1.4444444444444444
3,s,17,-14.0
8,m,3,24.0
20,s,12,8.0
10,m,5,50.0
15,m,2,30.0
0,d,19,0.0
12,s,16,-4.0
16,p,18,34.0
7,p,0,7.0
9,d,7,1.2857142857142858
7,p,19,26.0
1,m,4,4.0
15,s,9,6.0
4,s,12,-8.0
20,s,1,19.0
19,m,14,266.0
4,m,8,32.0
20,d,1,20.0
20,p,9,29.0
7,m,10,70.0
7,p,6,13.0
7,d,7,1.0
16,s,10,6.0
14,p,20,34.0
2,p,15,17.0
6,s,1,5.0
6,p,4,10.0
5,s,18,-13.0
7,p,16,23.0
13,m,14,182.0
5,s,6,-1.0
13,s,5,8.0
9,d,9,1.0
20,m,6,120.0
15,m,2,30.0
12,s,12,0.0
15,d,14,1.0714285714285714
16,d,19,0.8421052631578947
4,p,15,19.0
12,p,13,25.0
9,s,19,-10.0
17,m,5,85.0
12,m,14,168.0
14,d,9,1.5555555555555556
17,d,19,0.8947368421052632
2,s,10,-8.0
15,s,6,9.0
6,p,0,6.0
16,d,11,1.4545454545454546
12,d,13,0.9230769230769231
11,d,12,0.9166666666666666
9,p,20,29.0
13,p,1,14.0
12,s,18,-6.0
6,m,13,78.0
11,d,16,0.6875
20,p,11,31.0
20,d,12,1.6666666666666667
7,d,7,1.0
1,p,11,12.0
20,m,4,80.0
19,s,14,5.0
8,s,7,1.0
0,p,3,3.0
20,d,12,1.6666666666666667
18,s,2,16.0
13,d,5,2.6
8,d,9,0.8888888888888888
18,d,9,2.0
2,m,3,6.0
4,s,8,-4.0
12,p,9,21.0
5,p,15,20.0
3,d,2,1.5
16,m,13,208.0
13,s,5,8.0
11,s,5,6.0
6,s,15,-9.0
16,d,3,5.333333333333333
18,s,6,12.0
6,s,1,5.0
6,d,8,0.75
14,p,20,34.0
20,p,5,25.0
9,d,2,4.5
3,p,8,11.0
10,s,0,10.0
15,p,15,30.0
0,m,1,0.0
0,p,18,18.0
3,p,6,9.0
12,m,19,228.0
15,m,15,225.0
19,m,13,247.0
11,m,10,110.0
7,d,11,0.6363636363636364
12,p,19,31.0
11,p,10,21.0
0,d,14,0.0
4,p,0,4.0
16,s,8,8.0
11,d,14,0.7857142857142857
16,s,13,3.0
0,m,20,0.0
0,m,20,0.0
1,d,10,0.1
7,d,19,0.3684210526315789
12,p,19,31.0
11,d,13,0.8461538461538461
3,m,12,36.0
19,s,6,13.0
16,p,18,34.0
4,p,15,19.0
9,d,17,0.5294117647058824
5,p,14,19.0
15,s,17,-2.0
7,s,6,1.0
2,d,3,0.6666666666666666
0,m,5,0.0
12,s,8,4.0
8,p,15,23.0
4,d,17,0.23529411764705882
2,s,10,-8.0
18,p,19,37.0
20,d,10,2.0
12,d,20,0.6
7,m,7,49.0
3,p,9,12.0
3,m,2,6.0
18,p,6,24.0
18,s,11,7.0
10,p,12,22.0
9,s,1,8.0
12,m,13,156.0
11,s,4,7.0
3,p,12,15.0
17,m,14,238.0
4,s,9,-5.0
15,s,14,1.0
19,s,9,10.0
1,m,19,19.0
9,p,16,25.0
8,d,18,0.4444444444444444
20,d,6,3.3333333333333335
9,p,12,21.0
10,s,4,6.0
7,s,1,6.0
15,m,12,180.0
5,d,0,0.0
10,d,13,0.7692307692307693
11,d,12,0.9166666666666666
2,m,16,32.0
9,d,6,1.5
3,m,4,12.0
18,m,1,18.0
14,s,20,-6.0
18,d,4,4.5
15,s,9,6.0
6,s,6,0.0
20,m,0,0.0
18,s,3,15.0
12,s,13,-1.0
1,m,3,3.0
15,p,5,20.0
3,m,16,48.0
18,s,13,5.0
20,s,12,8.0
1,s,3,-2.0
12,m,15,180.0
19,d,5,3.8
2,d,14,0.14285714285714285
8,d,20,0.4
11,p,0,11.0
3,p,2,5.0
15,s,20,-5.0
0,d,18,0.0
8,s,3,5.0
12,d,15,0.8
9,s,18,-9.0
3,p,10,13.0
17,d,5,3.4
0,d,12,0.0
2,p,16,18.0
6,s,3,3.0
19,p,5,24.0
17,m,14,238.0
3,s,1,2.0
18,s,6,12.0
2,m,17,34.0
1,p,2,3.0
16,m,9,144.0
17,d,5,3.4
0,m,7,0.0
1,m,16,16.0
17,s,14,3.0
18,m,15,270.0
16,s,11,5.0
3,s,1,2.0
1,s,6,-5.0
9,s,6,3.0
19,s,17,2.0
18,m,11,198.0
4,d,19,0.21052631578947367
2,m,17,34.0
8,s,12,-4.0
12,p,14,26.0
8,s,13,-5.0
17,p,6,23.0
20,s,8,12.0
11,s,18,-7.0
13,m,4,52.0
13,p,12,25.0
19,p,7,26.0
8,p,3,11.0
17,p,13,30.0
10,p,20,30.0
11,m,10,110.0
4,m,7,28.0
0,d,3,0.0
7,p,12,19.0
3,m,5,15.0
18,p,15,33.0
16,m,11,176.0
17,p,8,25.0
1,m,5,5.0
12,m,5,60.0
17,d,17,1.0
15,s,18,-3.0
8,s,0,8.0
4,d,4,1.0
18,p,8,26.0
20,s,11,9.0
19,d,13,1.4615384615384615
5,m,14,70.0
14,m,16,224.0
8,s,13,-5.0
9,p,20,29.0
9,m,13,117.0
2,p,20,22.0
2,p,7,9.0
5,p,18,23.0
2,d,9,0.2222222222222222
0,s,13,-13.0
15,p,15,30.0
12,s,0,12.0
0,m,13,0.0
7,p,16,23.0
19,s,14,5.0
16,s,7,9.0
2,s,11,-9.0
16,p,11,27.0
13,d,15,0.8666666666666667
5,p,11,16.0
10,p,7,17.0
9,d,9,1.0
9,s,8,1.0
0,d,20,0.0
6,p,9,15.0
14,d,19,0.7368421052631579
1,p,11,12.0
19,m,14,266.0
9,p,11,20.0
0,s,11,-11.0
12,p,11,23.0
3,d,13,0.23076923076923078
6,s,2,4.0
13,d,3,4.333333333333333
0,m,4,0.0
7,d,15,0.4666666666666667
11,m,9,99.0
13,m,5,65.0
3,d,14,0.21428571428571427
5,m,4,20.0
13,m,0,0.0
6,s,3,3.0
9,s,1,8.0
12,m,13,156.0
1,s,5,-4.0
15,p,8,23.0
13,d,15,0.8666666666666667
4,d,10,0.4
16,s,12,4.0
3,p,3,6.0
4,m,4,16.0
16,s,0,16.0
1,d,10,0.1
19,d,0,0.0
15,m,9,135.0
15,d,2,7.5
7,s,19,-12.0
16,s,5,11.0
8,m,3,24.0
7,s,13,-6.0
15,s,3,12.0
6,s,18,-12.0
7,s,3,4.0
12,m,1,12.0
6,d,4,1.5
0,s,19,-19.0
2,d,1,2.0
13,m,16,208.0
20,s,7,13.0
10,d,13,0.7692307692307693
1,d,16,0.0625
20,m,1,20.0
3,m,8,24.0
8,d,11,0.7272727272727273
7,p,10,17.0
5,p,1,6.0
1,s,10,-9.0
9,m,15,135.0
19,d,3,6.333333333333333
5,d,8,0.625
11,m,10,110.0
3,p,3,6.0
17,m,4,68.0
11,m,11,121.0
7,m,20,140.0
6,d,18,0.3333333333333333
2,s,3,-1.0
20,p,19,39.0
1,s,18,-17.0
6,p,14,20.0
2,m,17,34.0
9,s,15,-6.0
17,p,4,21.0
4,d,6,0.6666666666666666
17,m,8,136.0
11,p,14,25.0
13,d,2,6.5
13,p,16,29.0
5,m,19,95.0
4,p,9,13.0
18,s,1,17.0
12,p,15,27.0
5,d,14,0.35714285714285715
17,d,12,1.4166666666666667
19,s,8,11.0
5,s,0,5.0
18,p,6,24.0
16,m,14,224.0
9,m,7,63.0
8,p,17,25.0
5,p,7,12.0
17,m,7,119.0
1,s,20,-19.0
8,m,4,32.0
1,s,20,-19.0
6,p,17,23.0
0,m,20,0.0
20,m,19,380.0
10,m,2,20.0
4,m,13,52.0
10,p,1,11.0
11,m,7,77.0
5,p,8,13.0
17,p,18,35.0
12,m,20,240.0
20,s,20,0.0
14,m,7,98.0
8,d,6,1.3333333333333333
4,s,14,-10.0
13,s,11,2.0
15,d,2,7.5
5,s,14,-9.0
5,d,6,0.8333333333333334
5,m,20,100.0
0,s,9,-9.0
5,s,12,-7.0
2,p,4,6.0
13,d,7,1.8571428571428572
20,p,12,32.0
16,p,4,20.0
19,d,3,6.333333333333333
12,p,0,12.0
0,p,20,20.0
4,p,7,11.0
8,p,4,12.0
0,m,3,0.0
2,s,6,-4.0
15,d,18,0.8333333333333334
5,m,9,45.0
15,s,4,11.0
1,m,17,17.0
20,p,17,37.0
0,p,1,1.0
17,p,9,26.0
16,s,13,3.0
0,p,7,7.0
7,d,13,0.5384615384615384
4,m,11,44.0
7,p,12,19.0
15,p,5,20.0
7,m,3,21.0
11,m,2,22.0
3,p,11,14.0
1,s,19,-18.0
5,m,13,65.0
19,d,5,3.8
4,m,9,36.0
11,m,3,33.0
15,m,11,165.0
2,s,0,2.0
20,m,4,80.0
4,d,12,0.3333333333333333
15,p,2,17.0
18,m,13,234.0
4,m,2,8.0
4,d,5,0.8
11,d,10,1.1
13,d,15,0.8666666666666667
19,m,20,380.0
4,s,20,-16.0
12,d,13,0.9230769230769231
17,d,17,1.0
17,s,17,0.0
12,d,2,6.0
16,s,18,-2.0
2,m,7,14.0
0,p,6,6.0
11,d,17,0.6470588235294118
4,p,3,7.0
11,s,11,0.0
9,s,14,-5.0
17,s,13,4.0
6,p,7,13.0
4,s,3,1.0
12,d,0,0.0
11,p,1,12.0
18,d,2,9.0
19,p,5,24.0
4,s,11,-7.0
2,p,7,9.0
0,d,18,0.0
4,d,5,0.8
4,m,16,64.0
15,m,13,195.0
14,p,20,34.0
9,s,3,6.0
1,p,20,21.0
19,s,5,14.0
0,d,12,0.0
14,m,17,238.0
18,m,16,288.0
7,s,13,-6.0
8,d,2,4.0
4,d,6,0.6666666666666666
19,s,1,18.0
12,p,5,17.0
14,m,15,210.0
20,d,20,1.0
12,p,5,17.0
11,d,20,0.55
6,p,8,14.0
3,m,2,6.0
19,p,10,29.0
7,s,9,-2.0
17,p,3,20.0
6,p,19,25.0
9,s,6,3.0
20,s,1,19.0
8,p,2,10.0
18,p,15,33.0
1,p,10,11.0
9,m,0,0.0
9,s,12,-3.0
10,m,12,120.0
4,m,3,12.0
13,p,16,29.0
16,p,4,20.0
18,d,12,1.5
18,m,1,18.0
5,d,4,1.25
2,p,20,22.0
7,s,6,1.0
5,m,16,80.0
14,m,4,56.0
9,d,11,0.8181818181818182
1,s,12,-11.0
6,p,19,25.0
4,d,18,0.2222222222222222
3,s,0,3.0
9,p,17,26.0
15,d,3,5.0
10,m,5,50.0
5,m,2,10.0
18,m,11,198.0
2,s,2,0.0
14,d,8,1.75
8,s,14,-6.0
3,d,18,0.16666666666666666
1,m,11,11.0
12,s,13,-1.0
14,m,11,154.0
11,d,2,5.5
16,m,14,224.0
1,p,19,20.0
7,p,17,24.0
4,m,3,12.0
12,d,5,2.4
2,d,7,0.2857142857142857
14,m,2,28.0
14,d,14,1.0
3,s,2,1.0
3,d,12,0.25
6,m,12,72.0
2,m,10,20.0
19,s,15,4.0
15,m,3,45.0
14,s,1,13.0
15,s,4,11.0
10,p,18,28.0
19,p,12,31.0
11,d,13,0.8461538461538461
6,s,1,5.0
0,m,13,0.0
8,s,20,-12.0
2,p,4,6.0
8,p,12,20.0
9,d,14,0.6428571428571429
16,m,6,96.0
5,p,1,6.0
13,m,10,130.0
5,m,6,30.0
13,d,15,0.8666666666666667
17,d,5,3.4
11,d,18,0.6111111111111112
0,s,17,-17.0
2,s,18,-16.0
10,p,10,20.0
4,s,14,-10.0
15,p,10,25.0
13,p,8,21.0
14,d,4,3.5
20,p,18,38.0
1,s,6,-5.0
13,s,17,-4.0
19,s,12,7.0
11,s,6,5.0
18,m,0,0.0
11,m,0,0.0
9,p,16,25.0
15,d,20,0.75
13,m,13,169.0
11,d,17,0.6470588235294118
16,p,10,26.0
5,d,14,0.35714285714285715
11,s,5,6.0
17,d,13,1.3076923076923077
9,m,13,117.0
19,p,3,22.0
3,p,2,5.0
19,p,13,32.0
15,p,19,34.0
20,p,14,34.0
9,s,13,-4.0
7,d,14,0.5
3,d,6,0.5
3,d,11,0.2727272727272727
13,d,20,0.65
0,s,11,-11.0
16,m,9,144.0
8,d,9,0.8888888888888888
7,d,0,0.0
1,p,0,1.0
4,m,11,44.0
10,d,5,2.0
7,d,17,0.4117647058823529
6,d,19,0.3157894736842105
1,d,18,0.05555555555555555
4,d,20,0.2
5,m,12,60.0
16,d,5,3.2
7,s,3,4.0
16,d,3,5.333333333333333
20,s,8,12.0
10,p,6,16.0
2,d,0,0.0
0,s,20,-20.0
0,p,19,19.0
18,p,12,30.0
4,m,14,56.0
5,s,7,-2.0
9,s,6,3.0
12,p,8,20.0
8,s,2,6.0
20,p,0,20.0
3,p,14,17.0
3,m,4,12.0
8,p,5,13.0
2,m,15,30.0
6,p,12,18.0
15,d,0,0.0
2,p,15,17.0
6,d,13,0.46153846153846156
10,d,20,0.5
5,m,5,25.0
0,p,5,5.0
3,m,10,30.0
15,p,19,34.0
5,m,16,80.0
3,p,6,9.0
17,s,0,17.0
6,p,11,17.0
6,m,0,0.0
4,p,7,11.0
4,m,8,32.0
15,p,6,21.0
11,m,17,187.0
14,d,15,0.9333333333333333
16,s,12,4.0
8,s,5,3.0
8,p,12,20.0
18,m,18,324.0
5,d,6,0.8333333333333334
13,d,14,0.9285714285714286
19,m,8,152.0
19,d,3,6.333333333333333
13,m,6,78.0
11,p,20,31.0
14,p,5,19.0
16,d,8,2.0
9,m,19,171.0
12,p,0,12.0
5,d,10,0.5
5,s,11,-6.0
2,m,6,12.0
11,m,4,44.0
3,m,0,0.0
0,s,10,-10.0
14,m,18,252.0
7,p,17,24.0
12,s,9,3.0
16,p,6,22.0
17,p,8,25.0
18,d,20,0.9
13,m,10,130.0
6,p,6,12.0
15,p,15,30.0
8,p,13,21.0
3,s,14,-11.0
19,d,10,1.9
7,p,18,25.0
9,p,0,9.0
14,s,9,5.0
12,p,1,13.0
10,p,20,30.0
2,p,15,17.0
13,m,9,117.0
10,d,11,0.9090909090909091
2,m,17,34.0
15,p,19,34.0
12,d,9,1.3333333333333333
15,p,20,35.0
11,p,19,30.0
0,p,7,7.0
0,p,4,4.0
10,s,13,-3.0
5,s,2,3.0
11,p,17,28.0
1,p,8,9.0
3,m,1,3.0
2,m,8,16.0
19,m,12,228.0
5,d,4,1.25
3,m,4,12.0
4,d,18,0.2222222222222222
20,p,14,34.0
16,s,16,0.0
18,d,15,1.2
8,d,10,0.8
7,m,2,14.0
9,m,2,18.0
17,s,7,10.0
2,d,2,1.0
1,p,6,7.0
6,d,14,0.42857142857142855
6,p,15,21.0
10,m,6,60.0
9,s,14,-5.0
16,s,3,13.0
7,d,11,0.6363636363636364
14,s,19,-5.0
12,p,6,18.0
8,s,13,-5.0
9,p,18,27.0
4,p,14,18.0
3,p,7,10.0
14,m,5,70.0
0,d,15,0.0
11,p,8,19.0
17,m,2,34.0
13,s,6,7.0
12,d,16,0.75
16,p,10,26.0
14,m,8,112.0
3,d,1,3.0
13,m,6,78.0
6,s,12,-6.0
19,d,8,2.375
16,p,13,29.0
1,s,20,-19.0
3,p,7,10.0
1,m,1,1.0
7,p,2,9.0
8,d,7,1.1428571428571428
12,p,12,24.0
7,d,8,0.875
6,s,5,1.0
11,m,20,220.0
19,p,9,28.0
3,d,5,0.6
9,s,7,2.0
10,s,2,8.0
5,d,10,0.5
4,d,0,0.0
13,p,10,23.0
5,p,8,13.0
5,m,0,0.0
15,p,18,33.0
15,d,7,2.142857142857143
3,p,1,4.0
18,s,9,9.0
16,s,16,0.0
4,p,3,7.0
9,d,10,0.9
15,m,11,165.0
15,m,8,120.0
14,m,0,0.0
9,d,10,0.9
3,p,8,11.0
4,s,13,-9.0
4,d,11,0.36363636363636365
0,d,7,0.0
11,p,6,17.0
6,p,12,18.0
8,d,20,0.4
16,m,5,80.0
11,d,10,1.1
18,m,13,234.0
9,p,6,15.0
18,m,16,288.0
19,d,3,6.333333333333333
14,m,18,252.0
9,p,3,12.0
15,d,4,3.75
4,m,16,64.0
19,s,17,2.0
9,m,15,135.0
2,p,9,11.0
14,s,1,13.0
9,p,18,27.0
1,m,15,15.0
0,m,13,0.0
0,m,1,0.0
4,m,11,44.0
16,s,17,-1.0
2,s,8,-6.0
6,p,13,19.0
9,p,7,16.0
15,s,11,4.0
20,d,12,1.6666666666666667
12,m,3,36.0
9,m,19,171.0
5,d,18,0.2777777777777778
10,s,18,-8.0
6,s,8,-2.0
13,s,17,-4.0
9,p,9,18.0
9,d,18,0.5
17,d,5,3.4
13,s,3,10.0
16,m,14,224.0
16,d,11,1.4545454545454546
11,d,13,0.8461538461538461
13,d,13,1.0
0,p,17,17.0
13,s,2,11.0
19,s,9,10.0
18,m,16,288.0
4,m,19,76.0
1,s,12,-11.0
12,d,0,0.0
16,p,14,30.0
2,m,1,2.0
20,m,3,60.0
19,m,3,57.0
18,m,15,270.0
1,p,3,4.0
6,s,16,-10.0
17,s,15,2.0
7,s,20,-13.0
9,m,20,180.0
0,s,15,-15.0
3,p,2,5.0
4,p,19,23.0
16,s,3,13.0
6,d,3,2.0
0,d,16,0.0
12,p,1,13.0
9,d,12,0.75
5,m,7,35.0
19,p,14,33.0
13,p,4,17.0
5,s,4,1.0
5,s,16,-11.0
15,m,15,225.0
9,d,3,3.0
11,d,8,1.375
12,d,3,4.0
13,s,13,0.0
0,d,9,0.0
3,d,18,0.16666666666666666
0,m,18,0.0
1,d,20,0.05
1,s,11,-10.0
14,m,14,196.0
0,m,5,0.0
16,s,16,0.0
11,d,16,0.6875
16,s,2,14.0
20,m,4,80.0
20,m,18,360.0
14,m,4,56.0
9,p,12,21.0
20,d,15,1.3333333333333333
15,s,19,-4.0
18,m,16,288.0
4,m,10,40.0
18,d,19,0.9473684210526315
2,p,1,3.0
5,p,7,12.0
3,d,15,0.2
10,s,7,3.0
3,d,5,0.6
13,p,2,15.0
19,p,8,27.0
1,d,2,0.5
11,p,19,30.0
5,p,10,15.0
14,s,12,2.0
20,s,18,2.0
6,d,8,0.75
14,s,9,5.0
6,d,5,1.2
16,p,6,22.0
18,p,0,18.0
6,s,1,5.0
0,d,11,0.0
18,p,17,35.0
10,d,5,2.0
6,d,6,1.0
16,m,11,176.0
19,s,17,2.0
2,d,14,0.14285714285714285
20,p,12,32.0
18,s,2,16.0
16,p,9,25.0
3,s,15,-12.0
1,m,19,19.0
0,m,7,0.0
8,m,12,96.0
2,m,5,10.0
2,s,17,-15.0
16,m,19,304.0
12,p,19,31.0
17,d,3,5.666666666666667
8,p,20,28.0
1,d,10,0.1
8,m,6,48.0
1,s,4,-3.0
17,p,10,27.0
7,p,15,22.0
18,p,19,37.0
11,d,2,5.5
19,p,19,38.0
17,s,15,2.0
8,p,1,9.0
1,s,15,-14.0
20,d,11,1.8181818181818181
15,s,9,6.0
0,p,1,1.0
6,d,17,0.35294117647058826
0,d,17,0.0
1,d,12,0.08333333333333333
4,d,13,0.3076923076923077
17,p,4,21.0
14,m,3,42.0
11,m,6,66.0
13,s,1,12.0
7,p,2,9.0
7,p,13,20.0
0,p,7,7.0
2,s,1,1.0
14,m,5,70.0
1,m,10,10.0
19,s,20,-1.0
9,d,4,2.25
15,p,3,18.0
2,s,8,-6.0
15,s,11,4.0
14,m,9,126.0
17,s,9,8.0
16,m,8,128.0
17,p,16,33.0
1,d,11,0.09090909090909091
19,m,15,285.0
2,s,6,-4.0
16,m,7,112.0
17,p,6,23.0
11,p,4,15.0
7,d,14,0.5
3,d,0,0.0
1,m,8,8.0
18,m,12,216.0
2,m,1,2.0
19,d,12,1.5833333333333333
0,d,12,0.0
14,s,1,13.0
6,s,12,-6.0
13,p,17,30.0
9,m,1,9.0
0,m,19,0.0
8,s,18,-10.0
0,d,10,0.0
13,p,1,14.0
17,m,12,204.0
17,d,14,1.2142857142857142
18,m,18,324.0
5,d,12,0.4166666666666667
7,p,4,11.0
8,p,8,16.0
7,m,17,119.0
10,d,18,0.5555555555555556
1,m,19,19.0
11,m,8,88.0
20,p,19,39.0
3,m,9,27.0
8,d,5,1.6
14,d,0,0.0
0,p,14,14.0
11,s,15,-4.0
13,p,1,14.0
8,m,19,152.0
2,s,14,-12.0
8,m,8,64.0
15,s,4,11.0
20,s,5,15.0
19,p,20,39.0
7,p,3,10.0
5,d,16,0.3125
18,p,10,28.0
17,p,7,24.0
8,p,8,16.0
11,p,17,28.0
19,m,7,133.0
3,d,2,1.5
3,p,16,19.0
7,m,6,42.0
18,d,11,1.6363636363636365
2,d,20,0.1
9,p,4,13.0
10,m,19,190.0
10,m,13,130.0
15,p,9,24.0
5,p,11,16.0
9,p,4,13.0
3,s,19,-16.0
10,m,16,160.0
6,p,12,18.0
4,p,12,16.0
2,d,7,0.2857142857142857
17,p,3,20.0
19,d,15,1.2666666666666666
10,s,8,2.0
18,s,9,9.0
10,m,7,70.0
7,m,14,98.0
3,d,7,0.42857142857142855
13,p,11,24.0
11,p,17,28.0
11,d,20,0.55
19,d,7,2.7142857142857144
13,s,7,6.0
17,d,7,2.4285714285714284
18,m,4,72.0
9,m,10,90.0
3,d,2,1.5
13,s,16,-3.0
18,s,15,3.0
5,p,14,19.0
5,d,3,1.6666666666666667
8,d,17,0.47058823529411764
3,p,4,7.0
13,s,0,13.0
2,d,4,0.5
13,s,11,2.0
12,s,17,-5.0
9,m,3,27.0
10,p,18,28.0
1,m,2,2.0
14,d,13,1.0769230769230769
13,d,9,1.4444444444444444
4,p,5,9.0
4,m,0,0.0
20,d,14,1.4285714285714286
10,s,14,-4.0
16,m,18,288.0
3,m,7,21.0
15,p,10,25.0
18,d,16,1.125
9,d,10,0.9
10,s,5,5.0
1,d,6,0.16666666666666666
16,m,8,128.0
3,m,11,33.0
5,m,3,15.0
8,d,15,0.5333333333333333
7,m,5,35.0
8,p,19,27.0
7,s,8,-1.0
3,s,6,-3.0
0,p,19,19.0
17,s,17,0.0
0,p,15,15.0
11,m,6,66.0
18,d,13,1.3846153846153846
16,d,4,4.0
9,p,3,12.0
14,d,13,1.0769230769230769
8,s,2,6.0
8,m,3,24.0
2,p,7,9.0
10,m,5,50.0
8,p,14,22.0
10,d,1,10.0
3,m,16,48.0
6,p,17,23.0
20,p,20,40.0
7,d,4,1.75
7,m,6,42.0
15,d,4,3.75
5,m,15,75.0
4,p,6,10.0
16,p,6,22.0
13,d,2,6.5
17,s,19,-2.0
5,d,1,5.0
8,d,19,0.42105263157894735
20,s,18,2.0
20,d,11,1.8181818181818181
16,m,5,80.0
7,d,9,0.7777777777777778
15,d,20,0.75
19,d,11,1.7272727272727273
9,s,3,6.0
3,d,9,0.3333333333333333
14,s,10,4.0
13,s,3,10.0
14,p,10,24.0
11,s,12,-1.0
15,d,15,1.0
7,m,0,0.0
8,s,16,-8.0
13,m,1,13.0
8,d,10,0.8
12,d,14,0.8571428571428571
12,p,8,20.0
8,s,15,-7.0
10,p,20,30.0
9,d,14,0.6428571428571429
7,s,18,-11.0
17,p,6,23.0
19,m,19,361.0
4,p,19,23.0
0,p,12,12.0
10,p,11,21.0
20,s,1,19.0
11,s,17,-6.0
5,d,17,0.29411764705882354
7,s,9,-2.0
11,d,10,1.1
6,s,17,-11.0
0,p,1,1.0
16,d,3,5.333333333333333
15,s,1,14.0
9,p,9,18.0
7,s,20,-13.0
1,p,8,9.0
12,d,20,0.6
4,p,8,12.0
2,d,2,1.0
0,s,0,0.0
3,d,18,0.16666666666666666
6,m,19,114.0
10,p,13,23.0
9,d,8,1.125
6,m,3,18.0
20,d,18,1.1111111111111112
12,d,9,1.3333333333333333
2,d,7,0.2857142857142857
17,d,8,2.125
9,s,17,-8.0
12,d,0,0.0
12,p,11,23.0
14,p,7,21.0
12,d,7,1.7142857142857142
11,p,15,26.0
20,m,9,180.0
4,p,20,24.0
3,s,17,-14.0
6,s,15,-9.0
2,d,4,0.5
19,s,15,4.0
1,m,15,15.0
13,m,9,117.0
4,m,1,4.0
18,d,19,0.9473684210526315
0,s,8,-8.0
17,d,15,1.1333333333333333
10,s,20,-10.0
10,d,14,0.7142857142857143
16,p,17,33.0
3,p,13,16.0
12,p,4,16.0
5,p,16,21.0
5,d,6,0.8333333333333334
3,d,1,3.0
15,d,5,3.0
4,d,17,0.23529411764705882
12,m,0,0.0
3,m,13,39.0
8,m,16,128.0
19,s,11,8.0
4,s,9,-5.0
19,m,11,209.0
15,s,14,1.0
10,s,4,6.0
16,p,15,31.0
10,s,13,-3.0
4,p,15,19.0
0,s,9,-9.0
6,d,3,2.0
10,p,3,13.0
19,s,14,5.0
2,s,11,-9.0
11,p,20,31.0
6,m,8,48.0
13,m,18,234.0
11,d,19,0.5789473684210527
8,s,17,-9.0
2,s,18,-16.0
3,m,6,18.0
5,p,8,13.0
4,d,16,0.25
10,m,18,180.0
19,s,15,4.0
5,s,0,5.0
6,s,2,4.0
4,d,5,0.8
0,p,10,10.0
1,d,4,0.25
13,m,15,195.0
9,p,16,25.0
7,d,17,0.4117647058823529
12,d,12,1.0
11,m,9,99.0
16,s,2,14.0
5,m,20,100.0
4,d,13,0.3076923076923077
15,p,8,23.0
17,m,13,221.0
5,m,0,0.0
14,d,11,1.2727272727272727
6,s,19,-13.0
12,s,11,1.0
0,d,6,0.0
11,s,16,-5.0
0,m,18,0.0
10,m,3,30.0
8,p,16,24.0
19,p,8,27.0
20,d,8,2.5
12,m,1,12.0
8,p,20,28.0
18,d,0,0.0
19,d,20,0.95
15,d,5,3.0
20,p,17,37.0
1,p,11,12.0
19,s,4,15.0
4,d,2,2.0
3,d,1,3.0
20,m,1,20.0
3,m,17,51.0
6,p,20,26.0
10,s,10,0.0
18,p,11,29.0
12,p,13,25.0
2,s,6,-4.0
8,s,2,6.0
14,m,1,14.0
19,d,6,3.1666666666666665
5,p,20,25.0
9,m,8,72.0
3,d,10,0.3
18,d,2,9.0
2,p,3,5.0
5,s,2,3.0
10,p,18,28.0
5,s,0,5.0
20,d,11,1.8181818181818181
2,m,7,14.0
20,s,6,14.0
9,d,1,9.0
9,m,5,45.0
4,m,18,72.0
13,s,7,6.0
8,s,6,2.0
9,d,8,1.125
8,d,2,4.0
11,m,18,198.0
11,d,20,0.55
20,p,5,25.0
18,s,12,6.0
17,s,18,-1.0
13,m,11,143.0
6,m,10,60.0
2,s,16,-14.0
8,d,6,1.3333333333333333
8,p,1,9.0
16,s,20,-4.0
15,d,4,3.75
18,m,10,180.0
18,p,12,30.0
10,m,3,30.0
0,d,5,0.0
15,m,10,150.0
20,s,3,17.0
11,s,9,2.0
14,s,17,-3.0
0,d,14,0.0
18,d,18,1.0
12,s,15,-3.0
8,m,11,88.0
15,m,12,180.0
1,p,7,8.0
13,m,13,169.0
18,p,12,30.0
5,s,16,-11.0
9,s,19,-10.0
18,s,4,14.0
10,p,1,11.0
9,m,4,36.0
14,s,12,2.0
14,s,0,14.0
6,m,5,30.0
9,s,2,7.0
7,d,6,1.1666666666666667
2,s,7,-5.0
17,p,11,28.0
15,m,5,75.0
3,d,15,0.2
6,d,15,0.4
14,p,7,21.0
12,m,4,48.0
4,m,12,48.0
9,d,13,0.6923076923076923
17,m,2,34.0
15,p,18,33.0
7,s,19,-12.0
7,m,11,77.0
10,p,16,26.0
19,d,19,1.0
2,s,20,-18.0
4,s,15,-11.0
1,m,6,6.0
13,m,2,26.0
12,s,20,-8.0
13,m,4,52.0
9,d,12,0.75
1,d,8,0.125
5,d,5,1.0
16,d,3,5.333333333333333
2,p,11,13.0
20,p,12,32.0
5,s,10,-5.0
18,d,16,1.125
14,d,0,0.0
20,d,12,1.6666666666666667
1,d,9,0.1111111111111111
8,p,20,28.0
19,m,14,266.0
15,m,10,150.0
3,d,5,0.6
17,p,12,29.0
4,m,0,0.0
18,s,8,10.0
16,d,19,0.8421052631578947
13,d,1,13.0
9,p,1,10.0
15,m,14,210.0
1,m,19,19.0
8,m,13,104.0
9,m,0,0.0
5,m,9,45.0
13,d,0,0.0
10,p,9,19.0
19,m,3,57.0
1,d,17,0.058823529411764705
7,p,5,12.0
17,s,3,14.0
4,d,20,0.2
13,m,8,104.0
14,s,19,-5.0
16,d,18,0.8888888888888888
1,m,2,2.0
11,s,1,10.0
19,p,20,39.0
12,p,16,28.0
10,m,20,200.0
13,p,12,25.0
5,p,8,13.0
13,s,3,10.0
18,m,8,144.0
19,s,16,3.0
1,d,11,0.09090909090909091
6,m,13,78.0
5,p,8,13.0
19,s,12,7.0
9,p,8,17.0
13,p,6,19.0
13,m,4,52.0
8,m,14,112.0
3,s,7,-4.0
0,s,10,-10.0
2,m,19,38.0
19,d,14,1.3571428571428572
20,m,19,380.0
17,d,12,1.4166666666666667
17,m,0,0.0
10,m,10,100.0
14,d,4,3.5
15,s,6,9.0
12,d,8,1.5
1,p,18,19.0
20,m,15,300.0
2,m,6,12.0
9,m,9,81.0
14,p,14,28.0
4,s,19,-15.0
19,d,11,1.7272727272727273
13,m,0,0.0
17,s,15,2.0
12,s,17,-5.0
12,p,19,31.0
3,s,12,-9.0
6,m,3,18.0
5,d,5,1.0
17,m,13,221.0
6,m,13,78.0
10,p,11,21.0
20,m,20,400.0
16,d,17,0.9411764705882353
7,d,12,0.5833333333333334
14,d,9,1.5555555555555556
5,d,5,1.0
9,m,0,0.0
14,s,20,-6.0
3,d,12,0.25
13,s,13,0.0
20,s,0,20.0
4,p,19,23.0
19,d,18,1.0555555555555556
0,s,10,-10.0
5,d,18,0.2777777777777778
2,p,11,13.0
19,d,20,0.95
17,s,16,1.0
5,m,14,70.0
7,d,5,1.4
6,s,10,-4.0
9,p,2,11.0
6,d,18,0.3333333333333333
14,d,7,2.0
7,d,5,1.4
16,p,20,36.0
19,s,10,9.0
7,p,14,21.0
0,d,1,0.0
16,d,15,1.0666666666666667
2,m,13,26.0
17,p,3,20.0
14,p,15,29.0
9,p,12,21.0
11,d,12,0.9166666666666666
13,p,3,16.0
4,p,8,12.0
5,d,11,0.45454545454545453
10,s,4,6.0
15,m,6,90.0
3,p,10,13.0
14,s,15,-1.0
8,m,10,80.0
14,d,10,1.4
8,m,18,144.0
19,s,1,18.0
4,m,16,64.0
0,m,7,0.0
18,m,11,198.0
9,m,5,45.0
15,m,14,210.0
4,s,4,0.0
19,d,9,2.111111111111111
8,s,20,-12.0
0,m,6,0.0
4,p,18,22.0
8,d,11,0.7272727272727273
15,s,19,-4.0
11,s,20,-9.0
18,m,16,288.0
16,d,11,1.4545454545454546
15,s,20,-5.0
16,s,15,1.0
15,p,12,27.0
2,s,10,-8.0
9,s,6,3.0
4,p,8,12.0
20,m,6,120.0
15,p,14,29.0
16,s,7,9.0
11,d,1,11.0
20,m,3,60.0
16,m,2,32.0
17,p,17,34.0
1,s,14,-13.0
7,s,8,-1.0
20,s,7,13.0
14,p,5,19.0
19,m,8,152.0
2,p,6,8.0
4,m,16,64.0
1,s,6,-5.0
7,d,18,0.3888888888888889
14,p,3,17.0
10,p,20,30.0
6,p,15,21.0
14,d,2,7.0
6,s,3,3.0
19,m,15,285.0
18,d,0,0.0
3,s,14,-11.0
18,d,20,0.9
0,d,8,0.0
19,d,8,2.375
20,m,5,100.0
16,m,15,240.0
20,m,9,180.0
17,m,7,119.0
8,m,17,136.0
20,p,14,34.0
5,p,15,20.0
10,d,16,0.625
15,s,5,10.0
2,m,13,26.0
3,m,14,42.0
20,s,17,3.0
6,s,3,3.0
6,m,9,54.0
10,d,16,0.625
3,s,9,-6.0
18,m,4,72.0
5,d,6,0.8333333333333334
5,s,5,0.0
10,d,16,0.625
20,d,19,1.0526315789473684
8,m,7,56.0
15,m,9,135.0
4,m,9,36.0
11,d,10,1.1
9,d,13,0.6923076923076923
13,d,0,0.0
1,m,13,13.0
20,d,4,5.0
8,s,0,8.0
6,m,8,48.0
11,m,0,0.0
13,m,12,156.0
17,s,17,0.0
6,d,19,0.3157894736842105
8,p,3,11.0
7,m,5,35.0
15,d,18,0.8333333333333334
1,d,12,0.08333333333333333
7,d,8,0.875
1,p,3,4.0
20,m,10,200.0
17,d,11,1.5454545454545454
9,d,3,3.0
4,m,2,8.0
13,s,4,9.0
18,s,9,9.0
17,d,2,8.5
7,m,10,70.0
17,m,16,272.0
0,p,4,4.0
10,d,11,0.9090909090909091
6,m,5,30.0
14,d,7,2.0
11,s,10,1.0
8,p,8,16.0
4,d,3,1.3333333333333333
13,d,12,1.0833333333333333
1,p,16,17.0
16,p,11,27.0
18,p,13,31.0
16,d,10,1.6
9,m,18,162.0
20,p,2,22.0
18,p,2,20.0
17,p,5,22.0
18,s,14,4.0
2,m,13,26.0
14,s,14,0.0
20,p,10,30.0
5,m,20,100.0
14,d,16,0.875
0,m,12,0.0
0,d,19,0.0
0,s,0,0.0
10,s,13,-3.0
8,m,7,56.0
17,s,14,3.0
18,s,11,7.0
6,s,4,2.0
9,p,5,14.0
0,p,17,17.0
4,m,17,68.0
2,m,10,20.0
7,s,6,1.0
9,d,5,1.8
8,s,7,1.0
11,s,0,11.0
14,d,3,4.666666666666667
0,s,14,-14.0
12,d,1,12.0
14,s,12,2.0
6,p,12,18.0
2,p,5,7.0
5,p,6,11.0
15,m,19,285.0
10,s,13,-3.0
6,m,2,12.0
15,p,8,23.0
14,p,0,14.0
12,d,13,0.9230769230769231
3,m,11,33.0
9,d,2,4.5
20,s,9,11.0
2,d,20,0.1
15,m,0,0.0
20,p,10,30.0
4,s,7,-3.0
18,s,0,18.0
16,s,4,12.0
15,p,1,16.0
19,m,6,114.0
11,d,19,0.5789473684210527
5,s,13,-8.0
5,s,16,-11.0
5,p,11,16.0
5,d,0,0.0
6,d,9,0.6666666666666666
20,m,11,220.0
19,p,10,29.0
0,p,10,10.0
15,s,1,14.0
13,d,1,13.0
19,s,16,3.0
5,p,3,8.0
11,p,7,18.0
13,p,2,15.0
15,d,14,1.0714285714285714
17,s,14,3.0
19,p,20,39.0
9,d,15,0.6
8,m,4,32.0
17,p,11,28.0
15,s,15,0.0
4,s,7,-3.0
4,p,7,11.0
3,m,12,36.0
19,s,3,16.0
7,s,8,-1.0
9,d,10,0.9
18,m,16,288.0
4,d,10,0.4
11,p,4,15.0
12,p,20,32.0
6,p,5,11.0
4,p,20,24.0
7,d,5,1.4
10,d,0,0.0
15,s,11,4.0
20,d,18,1.1111111111111112
14,d,6,2.3333333333333335
19,d,8,2.375
3,m,8,24.0
10,m,5,50.0
10,d,15,0.6666666666666666
3,m,10,30.0
2,d,11,0.18181818181818182
20,s,0,20.0
3,d,7,0.42857142857142855
3,m,3,9.0
4,m,11,44.0
14,p,13,27.0
16,d,5,3.2
16,s,6,10.0
7,s,0,7.0
11,s,16,-5.0
18,p,16,34.0
17,s,11,6.0
16,m,5,80.0
5,s,3,2.0
20,s,20,0.0
4,d,17,0.23529411764705882
6,p,8,14.0
12,d,9,1.3333333333333333
16,d,13,1.2307692307692308
14,s,10,4.0
9,p,0,9.0
8,m,17,136.0
6,p,19,25.0
1,s,13,-12.0
4,s,15,-11.0
7,s,12,-5.0
20,d,13,1.5384615384615385
18,s,6,12.0
11,s,2,9.0
8,d,4,2.0
3,s,18,-15.0
6,s,14,-8.0
8,p,10,18.0
20,m,3,60.0
16,d,3,5.333333333333333
7,m,14,98.0
3,d,17,0.17647058823529413
4,m,2,8.0
8,d,1,8.0
8,d,3,2.6666666666666665
13,s,18,-5.0
15,s,9,6.0
16,p,3,19.0
19,m,19,361.0
7,d,15,0.4666666666666667
13,p,1,14.0
8,m,8,64.0
20,m,16,320.0
13,m,8,104.0
2,p,0,2.0
15,d,7,2.142857142857143
7,d,18,0.3888888888888889
8,d,3,2.6666666666666665
17,d,19,0.8947368421052632
19,d,16,1.1875
1,p,19,20.0
18,p,20,38.0
18,p,3,21.0
7,d,11,0.6363636363636364
12,m,1,12.0
20,d,14,1.4285714285714286
18,p,16,34.0
12,d,20,0.6
0,s,6,-6.0
0,m,20,0.0
3,d,9,0.3333333333333333
0,m,14,0.0
11,m,11,121.0
7,d,8,0.875
1,d,10,0.1
20,s,8,12.0
6,m,17,102.0
12,s,11,1.0
15,m,2,30.0
11,s,19,-8.0
10,p,9,19.0
2,d,20,0.1
10,d,19,0.5263157894736842
20,d,5,4.0
6,d,8,0.75
11,d,10,1.1
11,s,5,6.0
10,p,0,10.0
6,m,18,108.0
16,m,20,320.0
17,s,17,0.0
12,p,19,31.0
6,p,2,8.0
19,m,12,228.0
4,m,10,40.0
12,d,4,3.0
3,p,9,12.0
10,d,7,1.4285714285714286
1,s,7,-6.0
8,d,0,0.0
7,s,7,0.0
7,s,14,-7.0
4,m,0,0.0
7,d,0,0.0
14,s,13,1.0
13,d,5,2.6
20,d,18,1.1111111111111112
8,m,11,88.0
13,m,11,143.0
7,m,10,70.0
2,m,4,8.0
7,s,17,-10.0
3,d,16,0.1875
17,p,10,27.0
19,m,7,133.0
20,s,17,3.0
14,p,8,22.0
14,d,19,0.7368421052631579
15,d,18,0.8333333333333334
2,p,5,7.0
17,p,14,31.0
11,s,15,-4.0
2,p,11,13.0
8,m,18,144.0
0,d,19,0.0
13,d,4,3.25
6,m,14,84.0
17,m,9,153.0
7,d,18,0.3888888888888889
4,m,17,68.0
0,p,19,19.0
11,p,18,29.0
2,p,19,21.0
16,s,13,3.0
6,s,7,-1.0
5,d,0,0.0
3,p,10,13.0
3,d,12,0.25
13,d,12,1.0833333333333333
4,s,10,-6.0
3,m,9,27.0
5,m,13,65.0
15,s,2,13.0
8,s,12,-4.0
7,p,11,18.0
10,p,14,24.0
16,p,8,24.0
19,p,1,20.0
11,s,3,8.0
0,p,16,16.0
0,d,10,0.0
9,m,0,0.0
2,s,5,-3.0
20,d,19,1.0526315789473684
5,s,17,-12.0
11,s,3,8.0
19,s,11,8.0
14,s,5,9.0
14,p,0,14.0
17,m,3,51.0
9,m,3,27.0
5,s,18,-13.0
3,s,15,-12.0
19,m,4,76.0
14,d,17,0.8235294117647058
14,p,3,17.0
10,m,7,70.0
4,d,7,0.5714285714285714
6,p,12,18.0
11,d,1,11.0
18,p,3,21.0
20,d,10,2.0
17,s,20,-3.0
9,s,10,-1.0
14,m,6,84.0
20,d,13,1.5384615384615385
13,p,12,25.0
15,d,0,0.0
3,d,10,0.3
19,m,12,228.0
15,p,9,24.0
16,s,1,15.0
2,s,9,-7.0
20,p,10,30.0
17,p,0,17.0
9,s,12,-3.0
11,p,17,28.0
13,s,16,-3.0
16,p,11,27.0
6,d,3,2.0
5,m,7,35.0
2,d,6,0.3333333333333333
6,p,18,24.0
1,s,12,-11.0
3,p,9,12.0
7,s,10,-3.0
12,m,7,84.0
12,s,1,11.0
4,s,19,-15.0
19,d,8,2.375
18,m,20,360.0
6,m,20,120.0
13,d,0,0.0
13,m,12,156.0
6,m,15,90.0
19,d,0,0.0
1,s,14,-13.0
7,p,2,9.0
3,d,5,0.6
2,m,5,10.0
5,d,8,0.625
9,m,17,153.0
9,m,18,162.0
3,d,3,1.0
6,d,2,3.0
6,p,4,10.0
15,p,15,30.0
3,p,7,10.0
12,p,5,17.0
2,d,7,0.2857142857142857
19,d,11,1.7272727272727273
4,p,14,18.0
16,s,6,10.0
10,p,1,11.0
4,m,10,40.0
5,d,11,0.45454545454545453
6,p,20,26.0
12,s,12,0.0
9,p,16,25.0
7,s,5,2.0
10,p,14,24.0
14,s,2,12.0
19,m,16,304.0
17,s,5,12.0
17,p,10,27.0
3,d,2,1.5
16,p,17,33.0
19,m,5,95.0
11,s,1,10.0
3,p,7,10.0
12,p,0,12.0
12,p,18,30.0
7,p,20,27.0
18,p,17,35.0
0,d,20,0.0
18,d,20,0.9
9,d,19,0.47368421052631576
14,d,7,2.0
19,m,8,152.0
20,d,14,1.4285714285714286
4,m,14,56.0
7,m,4,28.0
20,d,5,4.0
8,m,5,40.0
0,m,13,0.0
4,d,1,4.0
13,s,17,-4.0
12,m,4,48.0
6,d,12,0.5
13,d,14,0.9285714285714286
14,d,12,1.1666666666666667
11,m,10,110.0
12,s,4,8.0
7,s,6,1.0
18,m,6,108.0
14,d,17,0.8235294117647058
11,m,20,220.0
6,s,12,-6.0
15,d,3,5.0
9,d,19,0.47368421052631576
1,s,6,-5.0
10,s,17,-7.0
12,d,16,0.75
5,p,14,19.0
6,s,12,-6.0
8,s,18,-10.0
20,s,12,8.0
4,m,13,52.0
14,s,7,7.0
15,p,10,25.0
3,p,2,5.0
0,p,0,0.0
10,m,2,20.0
11,s,6,5.0
6,p,9,15.0
11,m,19,209.0
18,d,14,1.2857142857142858
10,m,5,50.0
9,s,3,6.0
4,d,5,0.8
3,d,17,0.17647058823529413
5,d,17,0.29411764705882354
8,p,7,15.0
4,p,14,18.0
1,d,4,0.25
15,d,12,1.25
5,m,0,0.0
14,s,18,-4.0
14,d,0,0.0
18,m,11,198.0
2,p,11,13.0
5,m,4,20.0
12,p,4,16.0
6,m,20,120.0
9,m,2,18.0
19,p,15,34.0
19,d,18,1.0555555555555556
5,m,11,55.0
6,m,16,96.0
16,d,0,0.0
10,p,5,15.0
20,m,7,140.0
8,d,14,0.5714285714285714
10,m,1,10.0
14,m,2,28.0
17,s,1,16.0
19,p,0,19.0
9,s,12,-3.0
15,d,12,1.25
1,d,8,0.125
10,d,11,0.9090909090909091
13,s,10,3.0
11,s,8,3.0
15,m,9,135.0
2,p,14,16.0
10,p,16,26.0
0,p,4,4.0
7,s,2,5.0
11,s,2,9.0
18,p,7,25.0
2,p,0,2.0
10,p,19,29.0
4,d,18,0.2222222222222222
20,p,10,30.0
19,p,3,22.0
4,p,6,10.0
5,p,2,7.0
0,s,13,-13.0
6,p,1,7.0
12,s,10,2.0
15,d,6,2.5
19,d,5,3.8
9,p,18,27.0
14,p,5,19.0
2,s,5,-3.0
8,s,4,4.0
3,s,2,1.0
5,s,10,-5.0
5,m,12,60.0
19,m,13,247.0
6,m,13,78.0
11,p,7,18.0
20,m,8,160.0
5,p,2,7.0
2,m,15,30.0
1,d,19,0.05263157894736842
2,p,14,16.0
2,m,10,20.0
19,m,2,38.0
10,m,14,140.0
15,d,11,1.3636363636363635
9,m,15,135.0
17,s,6,11.0
18,p,5,23.0
11,d,13,0.8461538461538461
14,d,10,1.4
14,d,14,1.0
4,d,4,1.0
13,s,0,13.0
10,s,12,-2.0
12,p,11,23.0
13,s,5,8.0
18,s,5,13.0
3,d,0,0.0
15,m,4,60.0
10,p,6,16.0
15,s,12,3.0
9,m,17,153.0
7,d,6,1.1666666666666667
19,d,15,1.2666666666666666
13,d,5,2.6
1,p,11,12.0
2,d,10,0.2
19,s,9,10.0
7,d,16,0.4375
6,d,13,0.46153846153846156
0,s,9,-9.0
10,m,20,200.0
19,p,13,32.0
19,m,4,76.0
10,s,11,-1.0
11,d,18,0.6111111111111112
2,d,0,0.0
11,s,13,-2.0
6,s,10,-4.0
10,d,20,0.5
8,m,17,136.0
18,s,10,8.0
4,s,10,-6.0
18,s,19,-1.0
7,d,15,0.4666666666666667
0,p,10,10.0
12,m,4,48.0
2,d,16,0.125
14,m,19,266.0
2,d,14,0.14285714285714285
6,s,8,-2.0
11,d,1,11.0
7,p,7,14.0
10,d,11,0.9090909090909091
17,m,4,68.0
10,m,15,150.0
19,s,17,2.0
20,p,6,26.0
9,s,1,8.0
16,m,16,256.0
7,d,12,0.5833333333333334
0,m,9,0.0
6,m,4,24.0
0,d,0,0.0
2,d,11,0.18181818181818182
4,d,14,0.2857142857142857
17,d,5,3.4
10,m,3,30.0
14,s,8,6.0
19,m,14,266.0
5,s,18,-13.0
10,p,0,10.0
1,d,10,0.1
11,m,4,44.0
12,p,17,29.0
20,m,13,260.0
12,m,5,60.0
19,m,1,19.0
10,p,18,28.0
16,s,1,15.0
15,p,2,17.0
4,p,4,8.0
16,s,5,11.0
2,m,11,22.0
10,d,2,5.0
10,d,2,5.0
12,p,17,29.0
16,d,13,1.2307692307692308
4,p,17,21.0
6,s,14,-8.0
3,s,8,-5.0
7,p,1,8.0
1,s,20,-19.0
15,p,1,16.0
7,s,7,0.0
4,m,16,64.0
10,d,12,0.8333333333333334
0,m,16,0.0
15,d,0,0.0
17,p,2,19.0
6,p,18,24.0
6,d,7,0.8571428571428571
0,p,11,11.0
18,s,11,7.0
12,s,6,6.0
17,m,0,0.0
8,m,17,136.0
16,s,12,4.0
6,m,19,114.0
10,m,6,60.0
8,p,12,20.0
20,d,9,2.2222222222222223
0,d,14,0.0
6,p,5,11.0
1,p,12,13.0
6,m,6,36.0
6,m,18,108.0
11,p,14,25.0
20,s,20,0.0
18,s,8,10.0
16,m,0,0.0
0,s,6,-6.0
10,d,6,1.6666666666666667
12,d,10,1.2
12,s,19,-7.0
15,m,15,225.0
7,p,2,9.0
0,p,0,0.0
0,p,8,8.0
9,d,14,0.6428571428571429
18,p,5,23.0
1,s,11,-10.0
20,d,6,3.3333333333333335
11,m,2,22.0
13,p,20,33.0
9,p,1,10.0
9,m,4,36.0
14,p,6,20.0
20,d,0,0.0
5,p,0,5.0
2,d,7,0.2857142857142857
18,m,17,306.0
8,d,0,0.0
2,s,4,-2.0
2,d,12,0.16666666666666666
0,d,1,0.0
13,d,14,0.9285714285714286
5,p,0,5.0
2,m,8,16.0
15,m,6,90.0
0,s,8,-8.0
7,p,14,21.0
20,d,1,20.0
17,s,15,2.0
1,m,9,9.0
2,m,19,38.0
14,s,15,-1.0
11,s,11,0.0
10,m,20,200.0
13,d,5,2.6
11,m,14,154.0
9,d,4,2.25
17,m,13,221.0
13,m,2,26.0
4,m,10,40.0
20,d,14,1.4285714285714286
17,p,5,22.0
10,s,16,-6.0
19,s,10,9.0
18,s,4,14.0
12,d,2,6.0
3,p,16,19.0
16,p,3,19.0
8,s,17,-9.0
7,d,10,0.7
3,m,10,30.0
17,d,12,1.4166666666666667
7,m,18,126.0
13,s,3,10.0
20,d,20,1.0
4,p,6,10.0
16,d,3,5.333333333333333
4,m,2,8.0
7,m,12,84.0
6,p,17,23.0
6,p,0,6.0
0,p,9,9.0
6,p,5,11.0
2,d,8,0.25
3,m,13,39.0
12,m,0,0.0
10,m,12,120.0
6,d,9,0.6666666666666666
19,d,18,1.0555555555555556
20,p,19,39.0
15,d,1,15.0
10,p,11,21.0
8,d,15,0.5333333333333333
17,d,3,5.666666666666667
18,m,19,342.0
15,d,0,0.0
1,p,15,16.0
15,p,8,23.0
2,p,7,9.0
14,m,12,168.0
7,d,19,0.3684210526315789
1,m,10,10.0
17,s,14,3.0
19,p,13,32.0
0,p,4,4.0
16,p,14,30.0
16,d,5,3.2
8,d,18,0.4444444444444444
17,p,20,37.0
8,p,18,26.0
16,s,15,1.0
14,s,9,5.0
1,m,9,9.0
13,s,3,10.0
2,d,6,0.3333333333333333
15,p,7,22.0
12,s,20,-8.0
12,m,1,12.0
5,m,7,35.0
18,s,15,3.0
14,p,3,17.0
5,s,4,1.0
19,p,18,37.0
14,m,15,210.0
13,m,0,0.0
20,p,17,37.0
13,p,15,28.0
8,d,13,0.6153846153846154
2,p,2,4.0
8,d,11,0.7272727272727273
12,s,16,-4.0
4,p,3,7.0
5,s,2,3.0
6,m,14,84.0
17,d,8,2.125
2,d,5,0.4
3,p,17,20.0
7,s,6,1.0
9,d,4,2.25
0,p,11,11.0
16,p,0,16.0
16,p,8,24.0
9,m,4,36.0
7,s,15,-8.0
6,d,15,0.4
15,p,6,21.0
5,p,12,17.0
4,s,4,0.0
2,p,15,17.0
18,s,5,13.0
20,m,13,260.0
7,d,8,0.875
1,p,13,14.0
10,p,12,22.0
6,d,11,0.5454545454545454
14,s,19,-5.0
4,d,15,0.26666666666666666
20,s,20,0.0
7,m,19,133.0
15,d,2,7.5
19,d,0,0.0
2,p,17,19.0
4,p,20,24.0
11,d,8,1.375
8,m,14,112.0
9,m,17,153.0
9,d,15,0.6
12,s,18,-6.0
15,p,10,25.0
15,p,10,25.0
8,m,20,160.0
8,s,9,-1.0
10,s,10,0.0
18,m,6,108.0
9,m,6,54.0
16,m,13,208.0
8,d,19,0.42105263157894735
6,s,19,-13.0
9,m,6,54.0
17,m,17,289.0
6,s,14,-8.0
3,s,9,-6.0
6,m,19,114.0
5,d,20,0.25
11,d,7,1.5714285714285714
15,d,8,1.875
17,s,10,7.0
8,p,19,27.0
8,d,3,2.6666666666666665
17,p,12,29.0
2,m,6,12.0
15,m,14,210.0
16,d,18,0.8888888888888888
6,p,8,14.0
13,d,20,0.65
19,d,3,6.333333333333333
13,m,12,156.0
3,s,4,-1.0
3,p,11,14.0
1,m,2,2.0
3,m,17,51.0
4,d,3,1.3333333333333333
6,p,1,7.0
0,m,3,0.0
19,m,8,152.0
13,s,7,6.0
7,m,19,133.0
17,s,11,6.0
4,m,0,0.0
7,d,5,1.4
6,p,17,23.0
5,m,2,10.0
15,p,3,18.0
7,s,13,-6.0
7,s,14,-7.0
5,m,7,35.0
3,s,0,3.0
9,d,13,0.6923076923076923
14,s,6,8.0
3,d,2,1.5
14,s,14,0.0
12,d,19,0.631578947368421
0,m,17,0.0
6,d,15,0.4
16,m,10,160.0
0,d,15,0.0
14,s,19,-5.0
11,p,4,15.0
19,s,12,7.0
12,s,6,6.0
10,d,11,0.9090909090909091
8,m,7,56.0
7,d,12,0.5833333333333334
0,s,18,-18.0
20,d,2,10.0
0,m,12,0.0
11,p,12,23.0
15,d,13,1.1538461538461537
13,d,2,6.5
8,s,11,-3.0
8,m,11,88.0
15,s,5,10.0
7,s,18,-11.0
1,m,12,12.0
1,p,7,8.0
5,p,2,7.0
8,m,2,16.0
14,m,4,56.0
4,m,13,52.0
5,d,7,0.7142857142857143
9,p,5,14.0
7,p,2,9.0
18,s,20,-2.0
9,d,17,0.5294117647058824
13,s,5,8.0
0,p,6,6.0
2,m,3,6.0
5,p,17,22.0
14,m,17,238.0
5,s,4,1.0
7,m,0,0.0
5,p,8,13.0
16,p,16,32.0
12,s,4,8.0
1,s,15,-14.0
4,m,7,28.0
18,d,8,2.25
7,s,14,-7.0
3,s,7,-4.0
20,p,19,39.0
2,s,12,-10.0
0,d,9,0.0
16,d,15,1.0666666666666667
17,d,17,1.0
16,m,14,224.0
19,d,18,1.0555555555555556
8,d,16,0.5
5,d,16,0.3125
4,s,1,3.0
2,m,19,38.0
9,d,3,3.0
12,m,12,144.0
11,m,0,0.0
15,p,6,21.0
6,s,13,-7.0
14,s,18,-4.0
20,d,9,2.2222222222222223
7,p,4,11.0
7,m,14,98.0
15,d,12,1.25
14,s,11,3.0
14,d,4,3.5
1,s,7,-6.0
20,m,3,60.0
11,m,1,11.0
14,d,12,1.1666666666666667
2,m,19,38.0
11,d,16,0.6875
1,p,15,16.0
11,s,10,1.0
9,s,16,-7.0
0,s,3,-3.0
17,p,8,25.0
0,s,16,-16.0
20,m,16,320.0
0,d,14,0.0
10,d,19,0.5263157894736842
11,m,19,209.0
9,p,11,20.0
16,p,18,34.0
14,d,15,0.9333333333333333
16,p,1,17.0
4,m,12,48.0
14,m,20,280.0
4,s,4,0.0
2,d,19,0.10526315789473684
8,s,12,-4.0
1,m,1,1.0
0,s,4,-4.0
13,s,18,-5.0
13,d,4,3.25
17,m,18,306.0
6,p,0,6.0
5,m,1,5.0
15,s,2,13.0
14,d,5,2.8
3,d,2,1.5
10,m,19,190.0
15,m,8,120.0
20,s,10,10.0
18,m,16,288.0
19,s,7,12.0
0,d,13,0.0
8,m,10,80.0
15,p,12,27.0
18,m,9,162.0
3,s,4,-1.0
7,d,7,1.0
4,m,3,12.0
13,d,12,1.0833333333333333
18,m,10,180.0
2,s,7,-5.0
19,p,15,34.0
10,d,1,10.0
12,s,13,-1.0
13,p,15,28.0
10,p,11,21.0
9,d,7,1.2857142857142858
15,s,12,3.0
12,s,13,-1.0
9,s,7,2.0
10,m,5,50.0
18,p,12,30.0
3,p,2,5.0
0,d,4,0.0
15,s,2,13.0
1,d,0,0.0
5,s,1,4.0
9,m,11,99.0
18,p,2,20.0
5,m,9,45.0
3,p,1,4.0
1,p,19,20.0
6,d,5,1.2
15,m,3,45.0
18,p,9,27.0
19,s,9,10.0
2,m,14,28.0
5,p,20,25.0
15,s,19,-4.0
9,d,1,9.0
10,d,5,2.0
14,m,11,154.0
9,d,20,0.45
13,m,7,91.0
10,s,6,4.0
14,s,4,10.0
1,p,2,3.0
18,s,3,15.0
3,s,14,-11.0
4,m,2,8.0
10,s,10,0.0
15,d,13,1.1538461538461537
3,m,20,60.0
6,p,15,21.0
11,d,5,2.2
6,p,11,17.0
1,m,1,1.0
12,d,5,2.4
14,m,12,168.0
14,m,4,56.0
13,s,10,3.0
0,m,5,0.0
13,d,2,6.5
10,p,4,14.0
4,d,7,0.5714285714285714
8,s,6,2.0
13,p,1,14.0
20,m,11,220.0
19,m,11,209.0
0,d,3,0.0
16,s,6,10.0
4,m,10,40.0
16,s,12,4.0
13,d,1,13.0
18,m,17,306.0
17,p,14,31.0
9,p,10,19.0
13,p,18,31.0
15,d,13,1.1538461538461537
19,s,18,1.0
10,s,18,-8.0
14,m,8,112.0
20,s,1,19.0
18,d,8,2.25
8,s,0,8.0
1,d,7,0.14285714285714285
7,p,12,19.0
13,p,1,14.0
8,d,17,0.47058823529411764
0,m,16,0.0
19,d,1,19.0
18,m,6,108.0
3,d,7,0.42857142857142855
17,s,10,7.0
17,s,20,-3.0
0,p,13,13.0
10,s,20,-10.0
15,p,0,15.0
4,s,8,-4.0
9,d,8,1.125
5,s,13,-8.0
5,p,11,16.0
9,p,9,18.0
2,p,4,6.0
0,p,7,7.0
8,p,5,13.0
14,p,10,24.0
16,d,17,0.9411764705882353
16,d,3,5.333333333333333
19,p,8,27.0
11,m,2,22.0
5,s,12,-7.0
17,p,8,25.0
19,p,2,21.0
5,m,4,20.0
5,s,16,-11.0
15,m,20,300.0
0,d,10,0.0
13,d,3,4.333333333333333
6,s,5,1.0
19,d,20,0.95
18,s,2,16.0
15,d,17,0.8823529411764706
12,m,10,120.0
6,p,1,7.0
14,p,6,20.0
18,p,11,29.0
11,m,20,220.0
13,m,0,0.0
14,s,2,12.0
3,p,19,22.0
18,d,4,4.5
15,m,17,255.0
3,p,19,22.0
20,s,10,10.0
9,d,17,0.5294117647058824
9,p,1,10.0
1,s,9,-8.0
8,s,12,-4.0
8,d,10,0.8
2,m,16,32.0
2,m,15,30.0
9,p,13,22.0
0,m,9,0.0
5,s,2,3.0
16,p,19,35.0
11,p,3,14.0
8,m,10,80.0
3,s,5,-2.0
18,s,2,16.0
1,m,8,8.0
17,p,17,34.0
17,m,18,306.0
17,p,9,26.0
12,m,1,12.0
13,m,2,26.0
8,s,1,7.0
2,p,3,5.0
3,p,15,18.0
15,d,11,1.3636363636363635
17,m,3,51.0
5,s,18,-13.0
2,s,10,-8.0
5,p,20,25.0
20,d,0,0.0
6,s,4,2.0
16,d,7,2.2857142857142856
0,m,16,0.0
18,d,6,3.0
17,p,7,24.0
13,d,6,2.1666666666666665
6,m,16,96.0
11,d,4,2.75
18,m,13,234.0
8,p,7,15.0
13,d,8,1.625
0,d,3,0.0
18,m,6,108.0
4,s,18,-14.0
20,p,18,38.0
7,p,4,11.0
7,p,7,14.0
2,s,12,-10.0
6,p,8,14.0
18,s,0,18.0
3,d,0,0.0
3,s,10,-7.0
14,s,4,10.0
20,m,3,60.0
10,d,13,0.7692307692307693
16,d,8,2.0
6,s,20,-14.0
6,m,12,72.0
6,d,7,0.8571428571428571
15,d,8,1.875
1,p,8,9.0
13,s,14,-1.0
1,d,1,1.0
16,s,9,7.0
13,m,3,39.0
4,m,9,36.0
5,p,13,18.0
15,p,16,31.0
18,m,14,252.0
9,s,20,-11.0
14,m,6,84.0
15,m,12,180.0
5,s,15,-10.0
14,p,4,18.0
7,d,20,0.35
12,s,7,5.0
3,m,8,24.0
16,p,8,24.0
8,m,16,128.0
12,p,0,12.0
18,s,3,15.0
9,s,8,1.0
17,s,19,-2.0
20,p,15,35.0
4,m,0,0.0
17,m,13,221.0
0,s,15,-15.0
5,m,3,15.0
13,m,8,104.0
18,d,6,3.0
19,m,18,342.0
3,d,12,0.25
19,s,6,13.0
10,m,1,10.0
11,s,15,-4.0
17,d,10,1.7
7,p,13,20.0
2,s,3,-1.0
7,p,13,20.0
6,d,14,0.42857142857142855
17,p,2,19.0
17,s,14,3.0
7,s,6,1.0
11,p,3,14.0
8,d,0,0.0
3,d,8,0.375
6,m,2,12.0
7,p,19,26.0
2,s,8,-6.0
1,m,15,15.0
17,p,5,22.0
15,d,6,2.5
10,p,3,13.0
16,s,18,-2.0
18,p,8,26.0
13,m,11,143.0
14,s,17,-3.0
0,p,3,3.0
8,s,6,2.0
5,p,7,12.0
5,s,6,-1.0
6,m,4,24.0
14,d,1,14.0
7,s,19,-12.0
1,s,3,-2.0
11,m,20,220.0
13,p,4,17.0
5,d,15,0.3333333333333333
0,m,5,0.0
1,s,17,-16.0
13,p,3,16.0
5,p,6,11.0
4,p,13,17.0
13,s,7,6.0
8,m,16,128.0
14,s,5,9.0
14,s,13,1.0
19,m,14,266.0
10,s,8,2.0
0,d,6,0.0
9,d,12,0.75
2,p,18,20.0
4,s,1,3.0
17,d,3,5.666666666666667
12,s,20,-8.0
1,s,16,-15.0
17,s,7,10.0
7,p,1,8.0
7,p,17,24.0
10,p,16,26.0
8,m,8,64.0
17,s,4,13.0
1,d,13,0.07692307692307693
6,s,4,2.0
20,s,2,18.0
19,p,14,33.0
13,p,20,33.0
10,s,14,-4.0
8,p,10,18.0
1,p,0,1.0
0,p,0,0.0
10,p,5,15.0
2,d,6,0.3333333333333333
3,m,14,42.0
1,p,20,21.0
4,m,11,44.0
12,m,3,36.0
9,s,8,1.0
2,s,17,-15.0
19,d,18,1.0555555555555556
9,p,15,24.0
4,m,5,20.0
16,p,19,35.0
10,d,12,0.8333333333333334
1,d,16,0.0625
14,p,0,14.0
19,p,1,20.0
8,d,7,1.1428571428571428
11,m,20,220.0
2,m,11,22.0
16,d,4,4.0
12,p,18,30.0
7,s,13,-6.0
8,s,16,-8.0
10,p,11,21.0
11,s,9,2.0
18,p,12,30.0
17,d,1,17.0
1,s,13,-12.0
7,d,13,0.5384615384615384
19,p,11,30.0
19,s,20,-1.0
4,p,2,6.0
8,p,1,9.0
12,p,8,20.0
17,p,16,33.0
8,m,20,160.0
20,d,5,4.0
15,s,7,8.0
12,p,6,18.0
12,s,8,4.0
4,s,2,2.0
12,m,19,228.0
5,m,16,80.0
13,s,9,4.0
0,d,7,0.0
4,d,11,0.36363636363636365
6,m,3,18.0
8,d,2,4.0
1,m,12,12.0
20,s,12,8.0
11,m,11,121.0
1,d,5,0.2
7,m,11,77.0
17,m,5,85.0
6,p,0,6.0
15,m,12,180.0
13,m,8,104.0
16,p,18,34.0
7,m,3,21.0
7,s,17,-10.0
8,s,10,-2.0
14,p,19,33.0
10,m,1,10.0
20,m,1,20.0
7,s,6,1.0
6,s,11,-5.0
16,m,8,128.0
3,s,12,-9.0
4,p,3,7.0
3,d,19,0.15789473684210525
16,p,14,30.0
17,s,1,16.0
7,p,18,25.0
20,d,6,3.3333333333333335
6,d,4,1.5
20,s,10,10.0
1,p,13,14.0
2,d,2,1.0
10,p,12,22.0
14,d,16,0.875
17,p,16,33.0
0,s,5,-5.0
0,p,0,0.0
10,p,13,23.0
17,p,4,21.0
7,m,12,84.0
15,d,20,0.75
8,p,9,17.0
13,s,0,13.0
12,m,11,132.0
4,p,1,5.0
9,p,19,28.0
3,m,16,48.0
3,m,17,51.0
7,d,7,1.0
16,m,15,240.0
0,s,18,-18.0
13,s,6,7.0
5,s,6,-1.0
2,d,7,0.2857142857142857
8,m,10,80.0
13,p,2,15.0
8,m,1,8.0
4,d,16,0.25
1,p,11,12.0
10,d,7,1.4285714285714286
12,d,13,0.9230769230769231
1,p,16,17.0
3,d,4,0.75
0,s,1,-1.0
1,s,16,-15.0
11,d,12,0.9166666666666666
19,p,2,21.0
12,d,4,3.0
2,s,10,-8.0
3,s,5,-2.0
8,m,10,80.0
1,s,13,-12.0
13,p,18,31.0
15,d,20,0.75
13,s,17,-4.0
19,m,6,114.0
9,p,1,10.0
7,p,9,16.0
16,s,14,2.0
10,s,9,1.0
15,s,17,-2.0
13,s,1,12.0
7,m,20,140.0
19,p,3,22.0
3,d,11,0.2727272727272727
0,p,19,19.0
16,p,11,27.0
9,s,9,0.0
0,m,14,0.0
18,d,5,3.6
19,d,18,1.0555555555555556
19,d,18,1.0555555555555556
9,d,17,0.5294117647058824
2,m,16,32.0
4,m,17,68.0
18,s,12,6.0
4,p,10,14.0
9,m,0,0.0
18,s,19,-1.0
5,p,6,11.0
5,m,7,35.0
4,d,13,0.3076923076923077
18,p,17,35.0
13,p,19,32.0
17,s,15,2.0
12,p,20,32.0
14,p,13,27.0
20,s,14,6.0
6,s,9,-3.0
16,s,19,-3.0
10,m,19,190.0
20,s,7,13.0
17,m,0,0.0
0,d,11,0.0
3,d,4,0.75
10,s,0,10.0
12,m,18,216.0
17,d,4,4.25
8,d,2,4.0
18,m,12,216.0
13,p,20,33.0
6,d,0,0.0
13,s,3,10.0
6,m,16,96.0
18,p,10,28.0
8,m,6,48.0
12,s,17,-5.0
7,m,18,126.0
16,p,8,24.0
0,d,5,0.0
7,p,0,7.0
16,d,13,1.2307692307692308
12,p,2,14.0
3,s,12,-9.0
2,s,2,0.0
19,p,10,29.0
1,d,2,0.5
16,m,1,16.0
2,p,9,11.0
10,d,1,10.0
13,s,5,8.0
18,d,14,1.2857142857142858
20,p,4,24.0
11,m,7,77.0
8,d,0,0.0
14,m,14,196.0
12,p,5,17.0
14,d,4,3.5
13,s,4,9.0
11,p,0,11.0
15,d,20,0.75
12,s,1,11.0
18,p,19,37.0
8,d,0,0.0
16,m,17,272.0
2,s,6,-4.0
6,s,14,-8.0
2,m,4,8.0
11,s,5,6.0
11,p,12,23.0
14,p,17,31.0
14,s,0,14.0
5,p,3,8.0
19,p,5,24.0
12,s,3,9.0
13,m,7,91.0
4,d,14,0.2857142857142857
17,m,18,306.0
12,s,3,9.0
6,p,14,20.0
17,m,9,153.0
8,p,18,26.0
5,m,18,90.0
1,d,4,0.25
9,p,16,25.0
3,m,13,39.0
9,s,1,8.0
14,m,6,84.0
3,d,12,0.25
17,s,3,14.0
14,s,15,-1.0
5,p,2,7.0
5,p,20,25.0
15,s,18,-3.0
3,s,20,-17.0
8,d,16,0.5
5,m,18,90.0
15,d,19,0.7894736842105263
7,s,13,-6.0
17,p,7,24.0
16,m,5,80.0
13,m,0,0.0
7,d,18,0.3888888888888889
0,d,15,0.0
12,d,3,4.0
15,d,1,15.0
15,d,7,2.142857142857143
16,p,4,20.0
11,d,0,0.0
17,p,4,21.0
5,s,5,0.0
20,m,11,220.0
5,d,2,2.5
11,m,0,0.0
17,p,14,31.0
8,s,12,-4.0
2,s,16,-14.0
2,s,18,-16.0
10,d,18,0.5555555555555556
14,p,19,33.0
17,m,18,306.0
7,m,13,91.0
17,s,0,17.0
4,m,1,4.0
1,s,19,-18.0
17,m,13,221.0
16,s,9,7.0
9,m,19,171.0
19,p,16,35.0
20,m,2,40.0
11,d,14,0.7857142857142857
1,d,20,0.05
2,s,11,-9.0
7,d,17,0.4117647058823529
14,d,12,1.1666666666666667
6,s,17,-11.0
0,d,19,0.0
8,p,12,20.0
19,d,2,9.5
15,d,19,0.7894736842105263
12,s,17,-5.0
19,d,18,1.0555555555555556
16,s,15,1.0
4,s,10,-6.0
15,m,1,15.0
16,d,0,0.0
20,s,5,15.0
11,m,1,11.0
0,d,11,0.0
12,m,19,228.0
14,p,18,32.0
0,s,3,-3.0
8,s,17,-9.0
10,m,11,110.0
8,d,5,1.6
14,d,18,0.7777777777777778
6,m,4,24.0
19,s,9,10.0
20,s,7,13.0
17,m,18,306.0
12,s,7,5.0
17,p,18,35.0
10,s,12,-2.0
8,m,2,16.0
5,m,17,85.0
15,m,5,75.0
12,s,5,7.0
12,s,18,-6.0
7,m,10,70.0
3,p,7,10.0
17,m,12,204.0
11,d,0,0.0
16,d,8,2.0
17,p,10,27.0
19,d,10,1.9
9,s,8,1.0
0,m,6,0.0
20,p,19,39.0
16,p,18,34.0
3,d,15,0.2
5,s,1,4.0
16,s,10,6.0
8,p,1,9.0
11,d,6,1.8333333333333333
9,m,2,18.0
9,p,14,23.0
10,s,10,0.0
3,s,6,-3.0
11,s,19,-8.0
13,p,15,28.0
7,d,13,0.5384615384615384
10,p,1,11.0
19,s,8,11.0
20,m,3,60.0
2,m,1,2.0
5,d,14,0.35714285714285715
19,p,16,35.0
18,d,16,1.125
17,s,1,16.0
15,m,0,0.0
11,s,4,7.0
16,m,16,256.0
12,s,5,7.0
10,d,17,0.5882352941176471
13,m,1,13.0
18,d,16,1.125
14,d,17,0.8235294117647058
8,s,9,-1.0
4,m,15,60.0
16,m,10,160.0
17,m,20,340.0
18,m,13,234.0
10,m,19,190.0
5,s,16,-11.0
9,p,19,28.0
2,m,13,26.0
0,p,4,4.0
1,s,1,0.0
9,s,11,-2.0
18,s,20,-2.0
2,s,7,-5.0
20,m,3,60.0
10,s,2,8.0
0,m,10,0.0
15,s,1,14.0
20,d,20,1.0
17,p,5,22.0
9,m,9,81.0
16,d,16,1.0
12,d,18,0.6666666666666666
4,s,15,-11.0
13,d,14,0.9285714285714286
9,d,20,0.45
4,s,0,4.0
11,s,16,-5.0
11,s,9,2.0
2,s,16,-14.0
5,p,17,22.0
4,p,6,10.0
4,s,6,-2.0
20,m,0,0.0
19,p,2,21.0
12,p,0,12.0
16,d,7,2.2857142857142856
8,s,15,-7.0
6,d,17,0.35294117647058826
11,s,0,11.0
15,p,12,27.0
14,s,5,9.0
11,d,15,0.7333333333333333
10,m,8,80.0
17,m,20,340.0
15,d,4,3.75
4,p,18,22.0
10,p,4,14.0
16,d,14,1.1428571428571428
17,p,7,24.0
12,s,1,11.0
14,d,3,4.666666666666667
5,d,2,2.5
6,d,6,1.0
6,s,18,-12.0
0,s,10,-10.0
5,s,4,1.0
13,p,5,18.0
13,p,10,23.0
20,s,9,11.0
17,s,17,0.0
7,m,5,35.0
20,s,11,9.0
18,s,17,1.0
10,m,17,170.0
8,p,13,21.0
15,d,20,0.75
15,s,7,8.0
12,s,9,3.0
0,m,18,0.0
8,d,8,1.0
19,s,3,16.0
14,d,19,0.7368421052631579
0,s,5,-5.0
14,s,2,12.0
1,s,10,-9.0
19,d,14,1.3571428571428572
3,d,6,0.5
10,s,4,6.0
4,p,4,8.0
3,m,4,12.0
12,s,1,11.0
5,p,1,6.0
8,d,17,0.47058823529411764
19,d,14,1.3571428571428572
11,m,6,66.0
16,s,11,5.0
7,d,20,0.35
1,s,1,0.0
0,m,8,0.0
7,p,12,19.0
18,m,18,324.0
3,p,14,17.0
11,s,5,6.0
18,p,2,20.0
4,s,20,-16.0
18,p,11,29.0
2,s,9,-7.0
15,s,8,7.0
1,s,19,-18.0
0,d,18,0.0
15,s,2,13.0
18,p,15,33.0
19,s,3,16.0
12,s,1,11.0
4,s,3,1.0
5,d,3,1.6666666666666667
13,s,14,-1.0
1,p,3,4.0
3,d,3,1.0
12,s,3,9.0
5,p,1,6.0
19,d,1,19.0
4,d,10,0.4
7,s,6,1.0
1,s,9,-8.0
13,m,12,156.0
6,p,17,23.0
5,m,14,70.0
16,s,3,13.0
9,p,5,14.0
2,p,9,11.0
17,s,12,5.0
10,m,0,0.0
4,m,4,16.0
12,p,4,16.0
18,m,6,108.0
11,p,12,23.0
20,s,0,20.0
18,m,19,342.0
4,d,18,0.2222222222222222
0,s,3,-3.0
14,s,3,11.0
8,d,6,1.3333333333333333
11,m,17,187.0
17,d,11,1.5454545454545454
9,s,4,5.0
0,p,8,8.0
4,s,0,4.0
15,d,1,15.0
3,s,11,-8.0
15,d,7,2.142857142857143
8,s,1,7.0
19,p,19,38.0
14,d,2,7.0
13,p,18,31.0
13,s,7,6.0
4,p,9,13.0
10,m,10,100.0
5,p,20,25.0
7,p,9,16.0
7,p,1,8.0
0,m,19,0.0
12,d,15,0.8
11,m,13,143.0
19,m,2,38.0
14,m,18,252.0
11,d,9,1.2222222222222223
5,m,7,35.0
15,s,3,12.0
8,d,14,0.5714285714285714
0,p,3,3.0
17,p,1,18.0
16,p,3,19.0
6,d,0,0.0
17,p,7,24.0
14,m,12,168.0
2,s,15,-13.0
13,p,16,29.0
17,p,0,17.0
11,p,14,25.0
4,p,18,22.0
3,p,10,13.0
14,s,2,12.0
16,d,1,16.0
14,s,3,11.0
1,s,14,-13.0
10,p,2,12.0
9,m,11,99.0
15,s,9,6.0
12,p,5,17.0
6,p,0,6.0
18,s,13,5.0
11,m,17,187.0
14,d,13,1.0769230769230769
19,d,8,2.375
0,p,6,6.0
17,m,0,0.0
6,d,6,1.0
5,m,14,70.0
13,d,12,1.0833333333333333
4,m,2,8.0
18,s,2,16.0
4,p,15,19.0
1,m,1,1.0
12,d,13,0.9230769230769231
3,m,9,27.0
20,p,18,38.0
2,p,3,5.0
14,d,18,0.7777777777777778
14,m,3,42.0
1,m,0,0.0
18,p,7,25.0
18,m,20,360.0
18,m,0,0.0
7,m,2,14.0
5,m,1,5.0
19,p,19,38.0
18,d,9,2.0
12,d,19,0.631578947368421
20,p,7,27.0
6,d,14,0.42857142857142855
3,d,13,0.23076923076923078
19,m,17,323.0
3,d,13,0.23076923076923078
3,s,4,-1.0
15,p,9,24.0
15,m,15,225.0
7,s,7,0.0
10,s,13,-3.0
6,m,16,96.0
18,p,18,36.0
19,p,14,33.0
2,s,8,-6.0
13,p,4,17.0
6,p,14,20.0
16,s,14,2.0
3,d,2,1.5
1,p,5,6.0
20,m,20,400.0
3,p,17,20.0
7,d,11,0.6363636363636364
4,p,3,7.0
14,m,0,0.0
16,p,0,16.0
17,m,12,204.0
9,s,17,-8.0
5,d,3,1.6666666666666667
11,s,16,-5.0
18,m,14,252.0
14,s,0,14.0
1,m,0,0.0
17,d,1,17.0
15,d,10,1.5
2,s,5,-3.0
12,p,18,30.0
9,d,19,0.47368421052631576
2,p,20,22.0
5,d,16,0.3125
18,s,8,10.0
19,s,13,6.0
14,d,12,1.1666666666666667
20,m,1,20.0
1,m,18,18.0
7,m,3,21.0
2,d,18,0.1111111111111111
3,d,11,0.2727272727272727
1,s,15,-14.0
5,m,15,75.0
17,s,17,0.0
10,m,12,120.0
3,d,14,0.21428571428571427
5,p,9,14.0
19,m,13,247.0
19,d,12,1.5833333333333333
17,m,7,119.0
19,p,13,32.0
8,m,14,112.0
4,d,2,2.0
0,m,4,0.0
3,s,12,-9.0
5,s,11,-6.0
20,m,13,260.0
17,s,17,0.0
0,s,16,-16.0
8,d,17,0.47058823529411764
17,s,16,1.0
19,d,1,19.0
4,d,8,0.5
15,d,4,3.75
19,p,18,37.0
13,p,0,13.0
2,p,9,11.0
6,s,3,3.0
11,s,19,-8.0
6,p,13,19.0
7,d,6,1.1666666666666667
13,m,0,0.0
5,p,7,12.0
8,p,10,18.0
12,p,10,22.0
5,m,11,55.0
9,s,15,-6.0
8,p,3,11.0
13,p,10,23.0
6,m,9,54.0
0,d,18,0.0
12,d,2,6.0
15,s,2,13.0
8,p,19,27.0
17,p,17,34.0
12,s,14,-2.0
3,p,8,11.0
14,d,8,1.75
16,s,3,13.0
10,s,19,-9.0
12,d,20,0.6
8,d,17,0.47058823529411764
19,s,17,2.0
18,d,12,1.5
9,d,16,0.5625
18,p,9,27.0
10,m,10,100.0
10,p,1,11.0
3,s,19,-16.0
19,p,5,24.0
15,s,11,4.0
12,m,1,12.0
3,d,2,1.5
2,p,13,15.0
7,d,19,0.3684210526315789
6,m,13,78.0
7,s,13,-6.0
3,m,16,48.0
10,p,11,21.0
12,p,15,27.0
1,m,0,0.0
4,m,9,36.0
5,m,1,5.0
12,m,12,144.0
17,d,19,0.8947368421052632
13,d,15,0.8666666666666667
1,d,10,0.1
8,p,5,13.0
9,d,10,0.9
11,d,15,0.7333333333333333
10,p,17,27.0
18,m,14,252.0
10,s,7,3.0
16,p,19,35.0
13,s,4,9.0
11,d,8,1.375
12,s,4,8.0
13,m,10,130.0
1,d,3,0.3333333333333333
20,m,10,200.0
7,p,1,8.0
13,s,5,8.0
3,s,5,-2.0
9,d,5,1.8
13,d,15,0.8666666666666667
9,s,12,-3.0
10,p,19,29.0
12,p,0,12.0
2,m,5,10.0
3,m,2,6.0
16,d,8,2.0
1,p,0,1.0
3,d,15,0.2
15,s,15,0.0
6,s,2,4.0
18,m,19,342.0
14,m,0,0.0
14,d,4,3.5
8,d,5,1.6
2,p,4,6.0
5,s,1,4.0
16,s,8,8.0
15,s,10,5.0
13,d,11,1.1818181818181819
17,d,1,17.0
17,s,11,6.0
11,s,8,3.0
9,p,4,13.0
17,m,7,119.0
8,m,11,88.0
1,d,1,1.0
8,m,9,72.0
9,d,20,0.45
10,s,4,6.0
2,s,3,-1.0
6,d,4,1.5
9,d,17,0.5294117647058824
19,d,2,9.5
14,s,12,2.0
7,s,9,-2.0
15,p,5,20.0
6,d,17,0.35294117647058826
5,d,2,2.5
11,p,0,11.0
2,d,19,0.10526315789473684
7,m,1,7.0
10,s,20,-10.0
1,s,12,-11.0
10,s,17,-7.0
8,s,19,-11.0
10,m,7,70.0
0,p,1,1.0
16,d,2,8.0
14,m,15,210.0
16,d,2,8.0
11,m,5,55.0
8,m,8,64.0
8,d,8,1.0
1,s,17,-16.0
17,p,11,28.0
15,s,19,-4.0
14,p,17,31.0
0,m,20,0.0
7,p,20,27.0
4,d,17,0.23529411764705882
16,m,16,256.0
17,d,12,1.4166666666666667
18,s,16,2.0
19,m,1,19.0
10,s,15,-5.0
15,m,3,45.0
14,m,4,56.0
12,p,7,19.0
2,d,19,0.10526315789473684
8,m,5,40.0
4,s,6,-2.0
18,s,14,4.0
16,s,7,9.0
18,s,3,15.0
3,d,20,0.15
0,s,12,-12.0
18,s,6,12.0
16,p,16,32.0
18,s,17,1.0
5,p,4,9.0
1,p,3,4.0
5,s,7,-2.0
0,p,0,0.0
16,d,12,1.3333333333333333
13,p,12,25.0
1,d,0,0.0
12,p,3,15.0
17,m,2,34.0
6,d,11,0.5454545454545454
2,p,9,11.0
7,m,17,119.0
10,s,20,-10.0
20,p,2,22.0
15,d,8,1.875
17,s,20,-3.0
6,m,10,60.0
13,m,18,234.0
3,p,1,4.0
6,d,0,0.0
12,p,5,17.0
11,m,8,88.0
18,d,12,1.5
2,p,10,12.0
1,d,13,0.07692307692307693
12,m,13,156.0
2,p,2,4.0
20,m,12,240.0
9,p,2,11.0
7,p,9,16.0
14,m,17,238.0
3,m,12,36.0
19,p,15,34.0
16,p,19,35.0
11,s,17,-6.0
13,s,13,0.0
9,s,17,-8.0
12,d,17,0.7058823529411765
5,d,12,0.4166666666666667
0,s,16,-16.0
17,p,13,30.0
15,d,16,0.9375
19,m,2,38.0
0,d,11,0.0
5,d,11,0.45454545454545453
2,d,18,0.1111111111111111
12,s,0,12.0
4,p,0,4.0
4,m,13,52.0
14,s,20,-6.0
12,m,0,0.0
2,p,17,19.0
18,s,11,7.0
2,m,14,28.0
10,m,16,160.0
3,d,14,0.21428571428571427
14,p,9,23.0
4,m,15,60.0
12,s,19,-7.0
2,s,3,-1.0
8,d,2,4.0
4,m,13,52.0
5,s,5,0.0
19,m,15,285.0
16,p,18,34.0
14,m,1,14.0
11,s,8,3.0
3,m,17,51.0
9,d,11,0.8181818181818182
1,d,10,0.1
16,p,4,20.0
18,s,4,14.0
11,p,15,26.0
18,p,0,18.0
2,d,20,0.1
7,d,10,0.7
8,d,1,8.0
5,s,6,-1.0
8,s,15,-7.0
16,m,5,80.0
8,p,0,8.0
2,s,15,-13.0
5,d,8,0.625
7,s,2,5.0
13,d,2,6.5
17,p,11,28.0
15,p,2,17.0
11,p,17,28.0
2,m,3,6.0
0,s,19,-19.0
14,p,3,17.0
10,d,5,2.0
2,m,1,2.0
7,p,14,21.0
18,s,4,14.0
1,d,1,1.0
2,m,13,26.0
0,d,0,0.0
8,p,20,28.0
16,m,18,288.0
17,m,10,170.0
7,s,20,-13.0
18,d,16,1.125
13,s,18,-5.0
13,s,11,2.0
19,m,8,152.0
15,d,3,5.0
2,s,19,-17.0
15,m,6,90.0
17,s,2,15.0
2,m,1,2.0
10,s,1,9.0
11,d,17,0.6470588235294118
7,p,5,12.0
14,s,9,5.0
11,m,14,154.0
16,m,7,112.0
4,p,13,17.0
12,d,8,1.5
1,d,13,0.07692307692307693
6,s,18,-12.0
8,s,9,-1.0
17,s,9,8.0
10,d,7,1.4285714285714286
20,d,9,2.2222222222222223
4,p,17,21.0
10,p,10,20.0
14,m,14,196.0
1,m,12,12.0
14,m,19,266.0
11,m,2,22.0
12,s,5,7.0
18,p,5,23.0
19,m,1,19.0
10,p,3,13.0
15,m,20,300.0
0,p,19,19.0
7,p,3,10.0
3,d,14,0.21428571428571427
3,p,19,22.0
4,m,10,40.0
14,p,12,26.0
5,p,5,10.0
12,m,19,228.0
7,m,10,70.0
2,p,5,7.0
2,s,4,-2.0
14,m,10,140.0
1,s,0,1.0
13,p,1,14.0
10,m,3,30.0
6,m,5,30.0
20,m,18,360.0
14,m,20,280.0
1,m,14,14.0
1,p,15,16.0
14,s,6,8.0
14,p,19,33.0
11,m,18,198.0
20,s,0,20.0
2,p,1,3.0
12,s,9,3.0
9,s,0,9.0
18,p,3,21.0
8,s,11,-3.0
1,d,6,0.16666666666666666
1,m,16,16.0
2,m,2,4.0
20,p,19,39.0
7,m,20,140.0
19,s,19,0.0
17,m,11,187.0
7,m,11,77.0
4,m,1,4.0
12,p,2,14.0
1,d,13,0.07692307692307693
18,p,18,36.0
20,d,0,0.0
18,p,13,31.0
2,d,17,0.11764705882352941
14,m,15,210.0
1,d,7,0.14285714285714285
16,s,8,8.0
6,m,6,36.0
9,m,18,162.0
7,p,0,7.0
12,d,15,0.8
12,m,5,60.0
10,s,0,10.0
5,m,20,100.0
0,d,2,0.0
6,m,12,72.0
8,d,4,2.0
5,p,9,14.0
14,m,17,238.0
5,p,18,23.0
20,s,5,15.0
7,m,7,49.0
10,p,3,13.0
0,p,1,1.0
20,p,13,33.0
11,p,7,18.0
20,d,17,1.1764705882352942
16,s,8,8.0
0,p,4,4.0
2,d,12,0.16666666666666666
14,s,7,7.0
19,m,0,0.0
10,m,14,140.0
18,d,17,1.0588235294117647
10,s,18,-8.0
2,d,5,0.4
9,d,5,1.8
1,s,7,-6.0
13,p,5,18.0
4,m,14,56.0
11,s,16,-5.0
2,d,8,0.25
14,s,0,14.0
0,p,14,14.0
2,s,11,-9.0
7,p,17,24.0
5,d,6,0.8333333333333334
5,s,3,2.0
2,p,11,13.0
16,d,18,0.8888888888888888
0,p,11,11.0
13,p,3,16.0
16,s,13,3.0
17,m,11,187.0
17,p,17,34.0
18,d,10,1.8
15,p,5,20.0
12,p,17,29.0
1,s,10,-9.0
15,s,17,-2.0
2,d,17,0.11764705882352941
19,d,4,4.75
5,m,16,80.0
10,p,9,19.0
3,s,16,-13.0
5,s,15,-10.0
0,s,1,-1.0
17,m,6,102.0
17,s,4,13.0
4,p,4,8.0
8,m,2,16.0
8,m,15,120.0
20,s,6,14.0
16,p,3,19.0
13,s,11,2.0
0,p,4,4.0
4,s,1,3.0
1,s,8,-7.0
7,s,4,3.0
14,m,15,210.0
4,s,3,1.0
11,p,6,17.0
4,p,16,20.0
13,p,10,23.0
13,d,8,1.625
6,p,0,6.0
11,s,19,-8.0
14,d,14,1.0
11,p,12,23.0
19,s,17,2.0
4,p,2,6.0
20,p,5,25.0
13,d,2,6.5
9,p,12,21.0
5,s,18,-13.0
3,m,0,0.0
7,m,17,119.0
2,d,19,0.10526315789473684
12,s,5,7.0
18,s,2,16.0
3,d,13,0.23076923076923078
0,p,16,16.0
11,m,12,132.0
13,d,12,1.0833333333333333
1,s,12,-11.0
12,p,4,16.0
18,d,16,1.125
11,p,11,22.0
9,m,18,162.0
8,p,9,17.0
14,d,13,1.0769230769230769
6,s,9,-3.0
7,d,18,0.3888888888888889
11,m,0,0.0
20,d,19,1.0526315789473684
5,s,14,-9.0
4,d,5,0.8
4,p,13,17.0
2,s,9,-7.0
8,d,6,1.3333333333333333
4,m,10,40.0
8,p,4,12.0
16,p,16,32.0
17,p,15,32.0
19,s,13,6.0
20,m,7,140.0
2,d,19,0.10526315789473684
8,s,7,1.0
17,s,10,7.0
4,d,9,0.4444444444444444
5,p,11,16.0
11,s,17,-6.0
7,m,7,49.0
6,s,1,5.0
2,m,2,4.0
16,d,15,1.0666666666666667
0,m,11,0.0
11,d,14,0.7857142857142857
18,d,8,2.25
10,d,14,0.7142857142857143
18,m,8,144.0
6,s,11,-5.0
13,d,11,1.1818181818181819
8,d,12,0.6666666666666666
19,d,16,1.1875
2,s,13,-11.0
8,p,4,12.0
5,m,10,50.0
11,p,0,11.0
18,m,10,180.0
16,m,2,32.0
5,s,12,-7.0
10,d,11,0.9090909090909091
12,d,9,1.3333333333333333
5,s,3,2.0
0,m,14,0.0
4,m,7,28.0
18,m,3,54.0
5,p,12,17.0
9,m,1,9.0
20,s,17,3.0
7,d,5,1.4
3,m,9,27.0
9,p,6,15.0
14,d,18,0.7777777777777778
7,s,14,-7.0
3,p,0,3.0
17,p,20,37.0
15,m,16,240.0
5,p,4,9.0
2,d,11,0.18181818181818182
2,m,17,34.0
10,s,5,5.0
11,s,8,3.0
13,d,16,0.8125
8,d,8,1.0
1,d,3,0.3333333333333333
6,s,20,-14.0
20,d,0,0.0
10,s,4,6.0
14,d,14,1.0
4,d,18,0.2222222222222222
12,d,10,1.2
6,d,6,1.0
0,m,3,0.0
1,p,20,21.0
20,s,11,9.0
14,p,17,31.0
0,m,11,0.0
20,p,16,36.0
1,s,0,1.0
15,s,5,10.0
2,s,9,-7.0
10,s,14,-4.0
3,p,13,16.0
19,s,9,10.0
18,s,3,15.0
12,p,16,28.0
15,p,5,20.0
6,s,3,3.0
12,m,19,228.0
11,d,4,2.75
5,s,0,5.0
18,d,20,0.9
7,s,11,-4.0
11,m,19,209.0
6,s,7,-1.0
5,d,4,1.25
7,s,19,-12.0
16,s,19,-3.0
0,m,9,0.0
15,m,7,105.0
7,s,4,3.0
13,p,13,26.0
16,p,11,27.0
15,p,12,27.0
1,d,17,0.058823529411764705
1,s,16,-15.0
12,d,19,0.631578947368421
3,s,16,-13.0
6,p,12,18.0
3,d,0,0.0
3,d,4,0.75
3,s,11,-8.0
17,s,17,0.0
2,d,15,0.13333333333333333
8,m,17,136.0
12,s,15,-3.0
10,m,14,140.0
4,s,4,0.0
6,s,4,2.0
5,p,16,21.0
20,m,3,60.0
8,m,4,32.0
17,s,18,-1.0
20,s,5,15.0
11,p,12,23.0
12,m,5,60.0
6,p,11,17.0
12,d,7,1.7142857142857142
7,p,2,9.0
17,m,1,17.0
12,m,15,180.0
3,p,7,10.0
15,s,10,5.0
17,p,9,26.0
20,m,17,340.0
4,p,0,4.0
7,s,12,-5.0
12,m,1,12.0
12,d,7,1.7142857142857142
11,p,12,23.0
10,d,8,1.25
1,m,11,11.0
8,p,18,26.0
5,p,20,25.0
11,d,2,5.5
8,p,2,10.0
18,m,10,180.0
13,p,8,21.0
18,d,2,9.0
18,m,6,108.0
14,d,17,0.8235294117647058
11,p,5,16.0
15,s,0,15.0
0,s,8,-8.0
13,p,5,18.0
2,d,19,0.10526315789473684
3,p,4,7.0
4,p,9,13.0
6,s,18,-12.0
13,d,19,0.6842105263157895
14,d,17,0.8235294117647058
12,d,1,12.0
6,s,2,4.0
13,d,15,0.8666666666666667
7,s,2,5.0
4,d,14,0.2857142857142857
0,m,14,0.0
18,d,16,1.125
20,d,17,1.1764705882352942
11,s,7,4.0
20,m,18,360.0
6,p,3,9.0
20,m,12,240.0
9,p,6,15.0
16,m,18,288.0
5,p,7,12.0
4,s,1,3.0
3,p,18,21.0
11,m,0,0.0
15,m,12,180.0
9,d,18,0.5
9,p,15,24.0
1,s,0,1.0
13,d,17,0.7647058823529411
12,m,9,108.0
17,d,13,1.3076923076923077
12,d,9,1.3333333333333333
18,m,14,252.0
2,s,13,-11.0
12,d,11,1.0909090909090908
1,m,8,8.0
1,d,0,0.0
7,m,11,77.0
7,s,15,-8.0
1,d,18,0.05555555555555555
8,d,18,0.4444444444444444
19,d,5,3.8
14,p,2,16.0
20,m,18,360.0
4,d,18,0.2222222222222222
7,s,10,-3.0
1,d,11,0.09090909090909091
0,m,5,0.0
11,s,3,8.0
16,d,5,3.2
13,d,6,2.1666666666666665
9,p,7,16.0
10,m,19,190.0
16,m,19,304.0
19,m,12,228.0
9,d,13,0.6923076923076923
7,m,9,63.0
8,s,9,-1.0
9,p,8,17.0
9,p,19,28.0
12,s,18,-6.0
19,m,7,133.0
8,d,18,0.4444444444444444
9,m,7,63.0
13,p,8,21.0
16,s,17,-1.0
4,p,7,11.0
18,d,10,1.8
4,d,19,0.21052631578947367
6,m,18,108.0
3,s,7,-4.0
3,d,0,0.0
4,s,1,3.0
3,p,15,18.0
15,m,10,150.0
16,s,11,5.0
9,d,20,0.45
11,d,10,1.1
18,s,4,14.0
1,p,7,8.0
1,m,9,9.0
18,m,13,234.0
12,s,2,10.0
19,p,7,26.0
0,m,4,0.0
3,p,4,7.0
6,m,14,84.0
12,d,11,1.0909090909090908
6,m,10,60.0
20,p,15,35.0
17,p,13,30.0
18,s,19,-1.0
2,m,8,16.0
17,s,9,8.0
8,d,10,0.8
12,p,7,19.0
2,m,7,14.0
1,m,6,6.0
5,d,6,0.8333333333333334
5,p,4,9.0
7,m,6,42.0
14,s,9,5.0
8,s,13,-5.0
20,p,3,23.0
9,d,7,1.2857142857142858
18,d,13,1.3846153846153846
17,p,0,17.0
17,m,20,340.0
4,m,18,72.0
12,p,18,30.0
4,p,20,24.0
20,d,15,1.3333333333333333
9,d,2,4.5
8,p,6,14.0
9,m,6,54.0
1,s,4,-3.0
17,p,11,28.0
5,m,5,25.0
13,m,12,156.0
5,m,14,70.0
5,s,6,-1.0
4,s,16,-12.0
19,p,7,26.0
4,s,0,4.0
10,p,12,22.0
6,p,6,12.0
7,s,0,7.0
6,d,8,0.75
14,p,14,28.0
3,d,13,0.23076923076923078
11,d,0,0.0
13,d,4,3.25
19,m,19,361.0
10,p,7,17.0
5,m,8,40.0
6,p,1,7.0
5,m,7,35.0
15,s,5,10.0
0,m,6,0.0
4,s,1,3.0
17,d,9,1.8888888888888888
2,p,18,20.0
2,s,14,-12.0
5,m,4,20.0
1,p,11,12.0
14,m,13,182.0
17,p,14,31.0
15,d,20,0.75
10,d,8,1.25
3,s,19,-16.0
8,d,1,8.0
11,s,20,-9.0
17,s,14,3.0
15,s,20,-5.0
10,p,16,26.0
5,m,4,20.0
19,m,1,19.0
12,m,12,144.0
8,s,16,-8.0
7,s,15,-8.0
20,d,6,3.3333333333333335
18,s,2,16.0
3,p,4,7.0
2,p,1,3.0
16,p,14,30.0
7,d,11,0.6363636363636364
19,p,1,20.0
14,d,1,14.0
9,s,1,8.0
19,m,4,76.0
3,m,18,54.0
11,m,5,55.0
3,p,15,18.0
5,s,5,0.0
15,m,12,180.0
7,d,7,1.0
5,p,5,10.0
11,s,9,2.0
4,d,3,1.3333333333333333
5,m,12,60.0
8,d,18,0.4444444444444444
6,p,6,12.0
17,s,6,11.0
9,m,9,81.0
14,m,0,0.0
16,d,16,1.0
16,m,19,304.0
0,d,8,0.0
0,p,5,5.0
11,d,19,0.5789473684210527
16,p,11,27.0
19,s,10,9.0
14,m,15,210.0
19,d,5,3.8
13,s,20,-7.0
5,m,19,95.0
13,m,7,91.0
5,d,14,0.35714285714285715
15,s,10,5.0
5,s,11,-6.0
0,p,13,13.0
12,p,11,23.0
4,s,19,-15.0
0,m,20,0.0
18,s,5,13.0
18,p,9,27.0
2,d,10,0.2
6,s,1,5.0
18,m,10,180.0
18,s,12,6.0
13,d,7,1.8571428571428572
4,d,20,0.2
5,m,19,95.0
5,d,1,5.0
12,m,2,24.0
8,p,19,27.0
20,m,17,340.0
3,s,6,-3.0
3,p,7,10.0
1,s,8,-7.0
5,p,2,7.0
5,p,4,9.0
5,m,2,10.0
9,p,16,25.0
11,s,17,-6.0
13,d,17,0.7647058823529411
17,d,15,1.1333333333333333
9,p,0,9.0
18,m,3,54.0
8,p,17,25.0
12,m,9,108.0
4,p,0,4.0
12,d,5,2.4
14,d,20,0.7
7,m,10,70.0
12,d,20,0.6
9,m,12,108.0
3,d,19,0.15789473684210525
4,m,6,24.0
5,s,3,2.0
13,s,4,9.0
2,s,6,-4.0
0,p,9,9.0
1,s,9,-8.0
19,s,8,11.0
3,d,9,0.3333333333333333
16,p,18,34.0
2,d,15,0.13333333333333333
4,m,13,52.0
18,p,16,34.0
20,s,5,15.0
3,p,17,20.0
1,d,7,0.14285714285714285
13,p,13,26.0
5,p,0,5.0
0,s,11,-11.0
5,m,17,85.0
6,d,17,0.35294117647058826
6,p,3,9.0
10,p,20,30.0
10,m,5,50.0
7,s,16,-9.0
17,m,0,0.0
17,d,5,3.4
19,p,5,24.0
1,d,14,0.07142857142857142
17,s,13,4.0
14,s,13,1.0
7,s,5,2.0
16,d,19,0.8421052631578947
6,d,6,1.0
13,m,2,26.0
20,d,3,6.666666666666667
5,d,12,0.4166666666666667
3,d,7,0.42857142857142855
17,p,9,26.0
0,s,2,-2.0
4,s,16,-12.0
6,s,7,-1.0
3,s,17,-14.0
11,d,5,2.2
19,d,2,9.5
10,d,0,0.0
15,d,15,1.0
3,p,20,23.0
13,m,20,260.0
18,p,5,23.0
20,p,17,37.0
20,s,8,12.0
2,s,19,-17.0
14,d,19,0.7368421052631579
13,d,3,4.333333333333333
16,m,3,48.0
18,s,13,5.0
17,m,9,153.0
15,p,5,20.0
4,d,12,0.3333333333333333
11,d,12,0.9166666666666666
5,m,19,95.0
18,s,3,15.0
10,s,14,-4.0
9,s,19,-10.0
10,s,10,0.0
19,d,8,2.375
20,p,20,40.0
14,s,9,5.0
18,p,19,37.0
14,d,8,1.75
4,d,19,0.21052631578947367
13,m,18,234.0
2,d,14,0.14285714285714285
15,p,0,15.0
17,d,19,0.8947368421052632
9,m,15,135.0
17,m,11,187.0
12,p,8,20.0
16,m,6,96.0
3,d,13,0.23076923076923078
7,d,9,0.7777777777777778
16,m,20,320.0
6,p,12,18.0
12,p,9,21.0
8,m,9,72.0
0,s,19,-19.0
20,d,16,1.25
0,s,10,-10.0
3,s,1,2.0
12,d,4,3.0
1,d,12,0.08333333333333333
9,p,17,26.0
0,s,17,-17.0
8,m,17,136.0
11,p,16,27.0
7,s,0,7.0
1,d,10,0.1
9,s,17,-8.0
19,d,19,1.0
8,m,3,24.0
13,p,7,20.0
4,m,14,56.0
0,p,1,1.0
6,m,1,6.0
12,p,12,24.0
18,m,19,342.0
20,p,6,26.0
11,m,12,132.0
3,m,17,51.0
18,d,6,3.0
17,d,9,1.8888888888888888
14,p,18,32.0
16,p,15,31.0
20,d,3,6.666666666666667
5,p,13,18.0
0,s,3,-3.0
13,p,11,24.0
1,m,7,7.0
9,m,9,81.0
4,p,19,23.0
12,m,15,180.0
10,d,13,0.7692307692307693
11,m,5,55.0
1,s,12,-11.0
4,m,3,12.0
11,d,19,0.5789473684210527
15,m,4,60.0
13,s,5,8.0
5,p,3,8.0
10,s,7,3.0
20,m,20,400.0
14,m,0,0.0
15,d,9,1.6666666666666667
12,m,9,108.0
10,s,11,-1.0
19,m,13,247.0
5,s,3,2.0
17,m,7,119.0
0,p,15,15.0
4,m,9,36.0
11,p,6,17.0
5,p,19,24.0
0,d,7,0.0
4,p,5,9.0
2,s,15,-13.0
20,d,4,5.0
15,d,5,3.0
8,s,17,-9.0
19,m,11,209.0
10,m,17,170.0
5,m,5,25.0
5,s,11,-6.0
10,d,3,3.3333333333333335
3,m,16,48.0
15,p,11,26.0
14,p,2,16.0
10,p,1,11.0
11,p,9,20.0
8,d,14,0.5714285714285714
9,d,8,1.125
7,s,11,-4.0
11,m,4,44.0
14,m,16,224.0
3,p,14,17.0
11,m,18,198.0
18,s,14,4.0
8,s,9,-1.0
1,s,10,-9.0
15,p,16,31.0
7,p,6,13.0
16,d,6,2.6666666666666665
2,s,2,0.0
7,s,20,-13.0
13,d,1,13.0
16,s,17,-1.0
17,m,2,34.0
5,d,15,0.3333333333333333
6,m,0,0.0
17,s,13,4.0
10,m,2,20.0
5,d,3,1.6666666666666667
9,m,13,117.0
6,s,10,-4.0
15,p,16,31.0
3,p,16,19.0
11,d,13,0.8461538461538461
6,m,9,54.0
12,p,15,27.0
15,d,14,1.0714285714285714
5,d,18,0.2777777777777778
18,m,2,36.0
7,d,6,1.1666666666666667
4,m,18,72.0
12,d,20,0.6
8,p,10,18.0
19,p,18,37.0
1,p,3,4.0
17,m,19,323.0
15,p,7,22.0
17,m,7,119.0
5,p,3,8.0
17,d,19,0.8947368421052632
16,m,9,144.0
5,m,20,100.0
12,m,8,96.0
19,d,19,1.0
18,d,11,1.6363636363636365
5,m,17,85.0
15,m,10,150.0
16,p,4,20.0
18,s,1,17.0
4,d,2,2.0
18,p,14,32.0
4,s,9,-5.0
20,d,19,1.0526315789473684
2,p,14,16.0
10,m,18,180.0
8,p,10,18.0
8,d,6,1.3333333333333333
15,d,5,3.0
16,p,3,19.0
5,p,6,11.0
6,m,16,96.0
13,p,17,30.0
2,s,18,-16.0
19,p,15,34.0
8,p,10,18.0
0,s,19,-19.0
3,d,14,0.21428571428571427
18,m,1,18.0
10,d,4,2.5
13,s,18,-5.0
7,p,11,18.0
20,p,10,30.0
14,m,0,0.0
6,d,4,1.5
0,p,3,3.0
18,p,7,25.0
0,s,7,-7.0
18,m,15,270.0
4,m,20,80.0
11,s,3,8.0
13,p,1,14.0
16,p,10,26.0
16,p,3,19.0
9,p,10,19.0
4,s,9,-5.0
14,d,6,2.3333333333333335
2,d,10,0.2
6,d,12,0.5
4,p,14,18.0
6,d,11,0.5454545454545454
18,s,7,11.0
11,p,7,18.0
0,m,20,0.0
17,d,10,1.7
2,m,11,22.0
14,p,7,21.0
20,d,10,2.0
12,d,7,1.7142857142857142
18,m,5,90.0
11,p,3,14.0
12,s,9,3.0
12,p,19,31.0
4,s,16,-12.0
15,s,15,0.0
14,s,0,14.0
17,d,19,0.8947368421052632
20,d,12,1.6666666666666667
0,s,10,-10.0
9,p,5,14.0
12,m,8,96.0
2,p,13,15.0
1,d,3,0.3333333333333333
10,s,20,-10.0
10,m,17,170.0
13,p,8,21.0
11,p,3,14.0
6,p,17,23.0
4,s,15,-11.0
0,s,8,-8.0
15,s,13,2.0
13,p,4,17.0
8,m,20,160.0
8,p,14,22.0
16,s,18,-2.0
18,s,10,8.0
0,d,18,0.0
18,d,1,18.0
15,m,12,180.0
19,p,20,39.0
18,s,5,13.0
16,m,17,272.0
19,d,16,1.1875
8,m,10,80.0
3,m,7,21.0
17,s,14,3.0
15,d,3,5.0
8,p,6,14.0
20,p,13,33.0
3,m,12,36.0
1,m,6,6.0
6,p,18,24.0
16,s,15,1.0
17,d,15,1.1333333333333333
20,s,11,9.0
7,d,6,1.1666666666666667
9,d,15,0.6
0,p,8,8.0
7,p,0,7.0
19,m,3,57.0
6,d,16,0.375
0,s,5,-5.0
12,m,4,48.0
8,p,5,13.0
8,s,2,6.0
7,p,2,9.0
20,d,11,1.8181818181818181
14,p,4,18.0
8,p,8,16.0
0,d,1,0.0
18,p,8,26.0
18,s,6,12.0
8,s,11,-3.0
17,p,20,37.0
1,d,19,0.05263157894736842
19,p,9,28.0
20,s,4,16.0
8,d,17,0.47058823529411764
0,d,18,0.0
4,m,12,48.0
18,s,13,5.0
5,m,5,25.0
2,m,15,30.0
4,m,5,20.0
0,s,8,-8.0
5,p,13,18.0
3,p,17,20.0
1,m,6,6.0
12,d,16,0.75
3,s,12,-9.0
1,p,15,16.0
4,d,17,0.23529411764705882
14,s,20,-6.0
1,p,4,5.0
1,m,19,19.0
7,d,12,0.5833333333333334
4,m,2,8.0
6,p,13,19.0
0,d,10,0.0
15,m,19,285.0
0,p,1,1.0
15,s,7,8.0
10,p,18,28.0
0,s,14,-14.0
19,p,14,33.0
6,d,1,6.0
5,p,5,10.0
3,d,6,0.5
18,d,1,18.0
2,d,20,0.1
15,s,4,11.0
3,m,0,0.0
10,d,8,1.25
3,p,15,18.0
18,p,5,23.0
15,d,0,0.0
8,s,9,-1.0
13,s,1,12.0
7,m,9,63.0
4,m,5,20.0
4,d,2,2.0
0,m,4,0.0
5,m,6,30.0
2,p,4,6.0
18,m,8,144.0
14,s,15,-1.0
12,p,19,31.0
6,d,5,1.2
20,m,20,400.0
10,s,3,7.0
4,d,15,0.26666666666666666
2,d,20,0.1
19,p,9,28.0
4,m,8,32.0
11,m,18,198.0
3,p,12,15.0
4,p,3,7.0
18,m,3,54.0
17,p,18,35.0
5,d,13,0.38461538461538464
9,d,19,0.47368421052631576
8,d,15,0.5333333333333333
16,s,13,3.0
6,d,14,0.42857142857142855
1,m,0,0.0
9,m,14,126.0
0,s,16,-16.0
14,p,17,31.0
18,p,3,21.0
15,s,9,6.0
2,m,13,26.0
1,d,1,1.0
18,s,16,2.0
12,s,19,-7.0
6,s,10,-4.0
8,m,17,136.0
16,m,13,208.0
14,s,1,13.0
3,d,7,0.42857142857142855
10,d,8,1.25
5,p,4,9.0
5,s,2,3.0
6,s,15,-9.0
0,m,11,0.0
0,s,6,-6.0
0,p,1,1.0
0,d,17,0.0
7,d,9,0.7777777777777778
14,p,7,21.0
19,p,0,19.0
16,p,16,32.0
3,p,8,11.0
12,p,0,12.0
18,d,2,9.0
18,s,20,-2.0
7,d,4,1.75
6,d,14,0.42857142857142855
19,d,1,19.0
0,m,17,0.0
9,p,17,26.0
17,d,13,1.3076923076923077
8,s,12,-4.0
1,p,1,2.0
19,m,18,342.0
7,d,7,1.0
3,s,3,0.0
14,p,2,16.0
16,m,2,32.0
2,m,19,38.0
8,s,10,-2.0
18,s,9,9.0
0,m,6,0.0
0,m,2,0.0
6,s,10,-4.0
8,d,13,0.6153846153846154
0,m,14,0.0
12,m,18,216.0
9,m,18,162.0
12,d,13,0.9230769230769231
4,p,1,5.0
1,s,17,-16.0
8,p,20,28.0
4,p,17,21.0
16,s,4,12.0
20,d,7,2.857142857142857
19,p,9,28.0
4,s,12,-8.0
1,m,16,16.0
16,d,2,8.0
8,s,10,-2.0
14,m,7,98.0
20,d,6,3.3333333333333335
9,s,5,4.0
11,p,14,25.0
0,p,9,9.0
5,p,19,24.0
17,m,4,68.0
3,p,17,20.0
13,s,2,11.0
20,m,10,200.0
18,m,0,0.0
12,p,3,15.0
1,s,14,-13.0
7,m,1,7.0
13,p,13,26.0
1,s,2,-1.0
17,s,7,10.0
14,p,2,16.0
2,s,5,-3.0
4,d,18,0.2222222222222222
2,p,11,13.0
4,m,0,0.0
17,p,11,28.0
15,d,13,1.1538461538461537
10,m,7,70.0
9,p,12,21.0
9,s,20,-11.0
4,d,14,0.2857142857142857
7,m,20,140.0
12,p,0,12.0
19,m,2,38.0
7,m,0,0.0
15,s,20,-5.0
9,s,15,-6.0
8,m,7,56.0
17,p,13,30.0
15,s,13,2.0
5,p,10,15.0
4,s,14,-10.0
12,p,14,26.0
16,d,12,1.3333333333333333
12,d,11,1.0909090909090908
4,m,4,16.0
2,d,19,0.10526315789473684
13,d,17,0.7647058823529411
16,m,8,128.0
15,p,14,29.0
5,p,18,23.0
20,m,6,120.0
0,d,1,0.0
3,m,16,48.0
16,d,18,0.8888888888888888
9,s,4,5.0
7,m,10,70.0
6,p,9,15.0
9,d,13,0.6923076923076923
17,p,4,21.0
4,m,2,8.0
20,m,13,260.0
19,s,11,8.0
11,s,8,3.0
0,m,12,0.0
9,p,20,29.0
3,d,3,1.0
6,p,17,23.0
16,d,4,4.0
7,d,0,0.0
7,s,9,-2.0
10,m,18,180.0
16,s,16,0.0
2,m,16,32.0
18,p,13,31.0
12,m,12,144.0
0,p,11,11.0
3,s,1,2.0
2,m,5,10.0
9,m,6,54.0
2,s,5,-3.0
0,d,3,0.0
1,d,9,0.1111111111111111
0,d,7,0.0
4,d,3,1.3333333333333333
1,s,1,0.0
5,s,1,4.0
3,d,19,0.15789473684210525
17,p,18,35.0
2,m,2,4.0
1,s,0,1.0
9,p,15,24.0
7,d,3,2.3333333333333335
3,d,18,0.16666666666666666
20,d,17,1.1764705882352942
1,d,3,0.3333333333333333
4,p,11,15.0
16,p,8,24.0
18,m,20,360.0
20,m,14,280.0
11,p,0,11.0
2,d,6,0.3333333333333333
10,m,7,70.0
16,p,5,21.0
0,s,15,-15.0
17,d,16,1.0625
16,d,0,0.0
4,p,14,18.0
7,p,14,21.0
13,d,3,4.333333333333333
0,p,17,17.0
19,s,15,4.0
4,d,6,0.6666666666666666
8,d,15,0.5333333333333333
3,s,17,-14.0
15,s,10,5.0
1,d,14,0.07142857142857142
17,p,3,20.0
5,p,9,14.0
17,m,11,187.0
14,p,16,30.0
0,m,5,0.0
9,s,6,3.0
6,s,12,-6.0
5,d,3,1.6666666666666667
18,d,1,18.0
19,m,12,228.0
14,d,8,1.75
15,d,0,0.0
14,p,11,25.0
13,p,19,32.0
7,m,18,126.0
4,m,2,8.0
1,d,3,0.3333333333333333
9,d,4,2.25
2,d,0,0.0
0,s,6,-6.0
11,m,1,11.0
5,s,9,-4.0
3,s,19,-16.0
18,m,4,72.0
17,p,9,26.0
7,p,0,7.0
9,d,3,3.0
19,p,2,21.0
10,p,7,17.0
4,m,3,12.0
2,d,12,0.16666666666666666
11,d,17,0.6470588235294118
9,s,12,-3.0
7,m,19,133.0
7,p,9,16.0
2,m,0,0.0
0,m,3,0.0
15,m,13,195.0
4,d,15,0.26666666666666666
3,d,10,0.3
7,m,17,119.0
10,s,3,7.0
17,d,2,8.5
15,p,10,25.0
4,m,7,28.0
18,p,15,33.0
10,m,11,110.0
4,p,12,16.0
19,s,14,5.0
7,p,12,19.0
4,m,9,36.0
13,m,11,143.0
13,d,14,0.9285714285714286
4,m,1,4.0
2,p,14,16.0
0,s,14,-14.0
1,d,16,0.0625
3,d,11,0.2727272727272727
8,d,20,0.4
17,s,20,-3.0
15,s,1,14.0
3,m,15,45.0
9,p,7,16.0
5,m,14,70.0
2,m,9,18.0
14,d,5,2.8
1,s,5,-4.0
10,d,8,1.25
16,s,12,4.0
14,m,5,70.0
1,d,14,0.07142857142857142
13,s,8,5.0
0,d,14,0.0
6,d,4,1.5
2,m,6,12.0
6,d,17,0.35294117647058826
15,s,13,2.0
11,s,19,-8.0
6,d,16,0.375
16,p,15,31.0
13,m,0,0.0
16,d,16,1.0
18,s,7,11.0
1,m,10,10.0
7,p,8,15.0
11,s,0,11.0
15,d,6,2.5
2,d,10,0.2
13,p,8,21.0
10,m,6,60.0
13,p,14,27.0
15,d,16,0.9375
15,m,10,150.0
8,d,5,1.6
2,p,18,20.0
7,m,16,112.0
4,d,5,0.8
6,s,12,-6.0
14,s,6,8.0
1,s,5,-4.0
20,d,4,5.0
3,p,3,6.0
14,d,11,1.2727272727272727
13,p,19,32.0
15,d,3,5.0
5,m,1,5.0
5,m,19,95.0
3,m,9,27.0
17,s,12,5.0
1,s,11,-10.0
3,p,13,16.0
6,s,18,-12.0
5,s,0,5.0
13,p,18,31.0
3,s,8,-5.0
12,d,8,1.5
2,d,1,2.0
17,p,0,17.0
14,p,14,28.0
6,d,2,3.0
6,p,14,20.0
10,p,0,10.0
9,s,18,-9.0
6,d,5,1.2
14,m,5,70.0
8,s,12,-4.0
3,s,14,-11.0
18,d,8,2.25
13,p,7,20.0
17,p,7,24.0
12,m,10,120.0
1,m,5,5.0
19,m,19,361.0
3,s,19,-16.0
19,s,7,12.0
14,d,5,2.8
5,p,17,22.0
5,p,18,23.0
12,m,7,84.0
20,m,1,20.0
18,p,13,31.0
4,d,13,0.3076923076923077
14,m,12,168.0
5,s,14,-9.0
17,m,20,340.0
11,d,6,1.8333333333333333
8,m,19,152.0
0,p,14,14.0
16,d,17,0.9411764705882353
9,d,0,0.0
15,d,11,1.3636363636363635
0,p,5,5.0
17,p,0,17.0
18,p,5,23.0
5,p,5,10.0
11,s,9,2.0
19,m,1,19.0
8,p,17,25.0
18,s,7,11.0
5,s,11,-6.0
7,s,6,1.0
0,s,5,-5.0
11,p,2,13.0
4,m,11,44.0
11,p,1,12.0
19,m,7,133.0
9,p,10,19.0
7,m,12,84.0
6,s,19,-13.0
7,s,6,1.0
9,d,7,1.2857142857142858
5,d,18,0.2777777777777778
4,p,0,4.0
11,s,18,-7.0
3,m,4,12.0
8,s,2,6.0
18,d,1,18.0
10,d,19,0.5263157894736842
10,s,19,-9.0
1,s,3,-2.0
7,d,15,0.4666666666666667
6,d,2,3.0
14,m,9,126.0
8,p,5,13.0
0,s,12,-12.0
19,p,8,27.0
18,d,6,3.0
10,p,19,29.0
18,s,4,14.0
12,p,14,26.0
7,d,3,2.3333333333333335
11,d,7,1.5714285714285714
4,m,13,52.0
15,s,10,5.0
16,d,20,0.8
8,p,12,20.0
4,d,0,0.0
3,s,14,-11.0
0,s,0,0.0
17,m,8,136.0
4,p,8,12.0
6,p,5,11.0
2,s,11,-9.0
10,p,11,21.0
10,m,3,30.0
6,p,4,10.0
18,p,20,38.0
9,p,7,16.0
16,d,14,1.1428571428571428
18,s,14,4.0
8,s,14,-6.0
11,s,8,3.0
4,s,2,2.0
8,m,20,160.0
17,s,3,14.0
0,d,9,0.0
15,d,1,15.0
15,d,20,0.75
18,s,6,12.0
7,d,5,1.4
11,m,3,33.0
19,s,1,18.0
10,m,14,140.0
13,p,8,21.0
16,m,10,160.0
16,s,16,0.0
17,m,5,85.0
13,s,15,-2.0
12,p,5,17.0
16,d,8,2.0
15,s,4,11.0
11,s,9,2.0
20,m,10,200.0
2,d,18,0.1111111111111111
5,s,17,-12.0
5,m,5,25.0
0,s,3,-3.0
11,d,20,0.55
5,d,9,0.5555555555555556
5,d,17,0.29411764705882354
6,m,18,108.0
5,p,20,25.0
2,s,5,-3.0
7,p,8,15.0
9,s,18,-9.0
19,p,0,19.0
19,d,20,0.95
12,d,5,2.4
1,d,4,0.25
12,m,0,0.0
10,m,1,10.0
13,s,6,7.0
2,m,15,30.0
20,p,1,21.0
7,p,19,26.0
1,s,2,-1.0
7,s,11,-4.0
17,s,19,-2.0
4,m,5,20.0
14,p,2,16.0
18,d,7,2.5714285714285716
0,d,1,0.0
0,s,16,-16.0
14,p,15,29.0
10,m,12,120.0
12,d,3,4.0
1,d,15,0.06666666666666667
4,m,12,48.0
6,m,16,96.0
0,m,0,0.0
7,s,14,-7.0
6,d,8,0.75
2,d,14,0.14285714285714285
4,p,7,11.0
6,d,6,1.0
3,m,0,0.0
9,d,2,4.5
9,s,4,5.0
3,m,12,36.0
8,p,9,17.0
6,s,14,-8.0
14,d,15,0.9333333333333333
16,d,11,1.4545454545454546
13,d,1,13.0
6,m,8,48.0
5,p,19,24.0
8,p,13,21.0
15,m,10,150.0
3,d,16,0.1875
0,d,2,0.0
19,s,19,0.0
5,s,9,-4.0
1,m,5,5.0
17,d,7,2.4285714285714284
9,m,8,72.0
2,s,15,-13.0
7,m,8,56.0
13,s,10,3.0
16,m,12,192.0
14,p,18,32.0
5,m,11,55.0
17,s,11,6.0
12,d,4,3.0
17,p,18,35.0
8,s,14,-6.0
6,d,16,0.375
8,p,2,10.0
0,m,19,0.0
7,m,16,112.0
20,d,10,2.0
8,p,5,13.0
12,s,8,4.0
10,p,18,28.0
1,s,18,-17.0
15,p,17,32.0
8,p,13,21.0
9,d,15,0.6
3,s,9,-6.0
14,m,16,224.0
8,d,6,1.3333333333333333
1,d,12,0.08333333333333333
2,d,17,0.11764705882352941
20,d,11,1.8181818181818181
8,d,13,0.6153846153846154
4,s,12,-8.0
12,p,17,29.0
11,p,9,20.0
16,p,11,27.0
1,d,4,0.25
15,p,5,20.0
0,m,16,0.0
10,d,1,10.0
20,d,17,1.1764705882352942
0,s,9,-9.0
11,d,13,0.8461538461538461
1,p,10,11.0
7,d,7,1.0
8,s,13,-5.0
6,d,0,0.0
15,d,20,0.75
6,d,0,0.0
15,s,3,12.0
5,d,5,1.0
13,m,15,195.0
2,p,19,21.0
16,d,14,1.1428571428571428
10,m,6,60.0
19,d,1,19.0
15,d,6,2.5
6,s,9,-3.0
16,d,19,0.8421052631578947
12,m,0,0.0
20,p,10,30.0
20,s,9,11.0
4,d,3,1.3333333333333333
1,d,8,0.125
2,d,17,0.11764705882352941
14,d,0,0.0
12,s,6,6.0
1,d,2,0.5
5,p,18,23.0
15,s,6,9.0
16,p,19,35.0
18,s,17,1.0
15,s,3,12.0
13,s,10,3.0
7,p,14,21.0
14,d,0,0.0
9,m,19,171.0
5,m,12,60.0
5,s,0,5.0
18,s,17,1.0
2,m,7,14.0
9,p,20,29.0
3,m,9,27.0
18,d,19,0.9473684210526315
14,d,0,0.0
19,p,5,24.0
19,d,10,1.9
6,m,0,0.0
8,s,19,-11.0
8,m,7,56.0
7,s,1,6.0
2,p,14,16.0
13,p,15,28.0
12,d,20,0.6
20,s,8,12.0
3,p,10,13.0
3,m,12,36.0
18,p,4,22.0
10,s,0,10.0
14,p,1,15.0
15,s,1,14.0
13,m,20,260.0
1,p,14,15.0
6,p,0,6.0
16,p,20,36.0
14,d,5,2.8
4,s,16,-12.0
19,s,13,6.0
20,m,9,180.0
16,p,10,26.0
0,s,14,-14.0
16,m,16,256.0
18,d,5,3.6
20,p,8,28.0
2,p,13,15.0
13,p,18,31.0
19,p,12,31.0
5,d,15,0.3333333333333333
12,p,4,16.0
17,s,1,16.0
0,p,7,7.0
14,s,1,13.0
13,m,6,78.0
8,s,8,0.0
10,d,19,0.5263157894736842
20,s,20,0.0
20,m,8,160.0
16,p,15,31.0
2,p,5,7.0
9,m,4,36.0
5,s,11,-6.0
13,p,19,32.0
18,s,2,16.0
7,m,14,98.0
7,s,0,7.0
17,d,8,2.125
12,s,1,11.0
19,d,12,1.5833333333333333
0,m,4,0.0
7,m,12,84.0
4,p,9,13.0
11,s,11,0.0
13,p,8,21.0
17,m,14,238.0
8,s,0,8.0
12,s,8,4.0
3,d,11,0.2727272727272727
15,m,7,105.0
8,d,12,0.6666666666666666
4,s,6,-2.0
7,p,13,20.0
12,d,12,1.0
19,d,19,1.0
9,p,18,27.0
4,m,11,44.0
18,s,15,3.0
4,m,1,4.0
5,d,19,0.2631578947368421
5,d,5,1.0
18,s,19,-1.0
0,d,12,0.0
12,d,2,6.0
18,d,18,1.0
5,m,6,30.0
12,s,19,-7.0
18,s,19,-1.0
6,d,10,0.6
12,d,17,0.7058823529411765
15,s,14,1.0
11,p,13,24.0
9,s,3,6.0
8,s,16,-8.0
1,m,16,16.0
19,p,7,26.0
10,s,6,4.0
19,s,2,17.0
4,p,12,16.0
0,p,0,0.0
9,p,9,18.0
20,d,14,1.4285714285714286
4,p,19,23.0
9,s,20,-11.0
1,p,9,10.0
6,p,9,15.0
0,d,6,0.0
10,d,4,2.5
4,d,1,4.0
20,d,10,2.0
9,s,5,4.0
9,m,0,0.0
19,s,20,-1.0
1,s,16,-15.0
7,s,10,-3.0
0,d,18,0.0
13,p,13,26.0
19,d,8,2.375
4,p,18,22.0
20,d,11,1.8181818181818181
17,p,4,21.0
2,m,15,30.0
7,p,20,27.0
14,d,19,0.7368421052631579
13,d,3,4.333333333333333
18,d,10,1.8
4,m,20,80.0
0,s,9,-9.0
9,m,15,135.0
3,m,5,15.0
7,s,2,5.0
15,m,19,285.0
12,p,3,15.0
1,d,15,0.06666666666666667
15,s,6,9.0
2,m,15,30.0
1,d,7,0.14285714285714285
2,s,18,-16.0
1,m,4,4.0
19,p,18,37.0
18,d,6,3.0
6,d,6,1.0
1,m,6,6.0
5,m,9,45.0
8,m,14,112.0
17,p,19,36.0
8,d,15,0.5333333333333333
0,d,14,0.0
4,m,7,28.0
2,d,0,0.0
13,p,10,23.0
19,d,2,9.5
20,m,1,20.0
2,s,15,-13.0
5,m,17,85.0
2,m,8,16.0
12,m,6,72.0
1,p,19,20.0
17,p,11,28.0
11,p,11,22.0
3,d,10,0.3
8,d,8,1.0
11,p,7,18.0
12,d,1,12.0
15,p,0,15.0
9,s,0,9.0
0,m,9,0.0
9,m,3,27.0
0,s,7,-7.0
5,p,2,7.0
6,d,18,0.3333333333333333
12,p,5,17.0
7,m,16,112.0
17,d,17,1.0
8,p,20,28.0
14,p,17,31.0
4,m,12,48.0
5,m,19,95.0
2,m,12,24.0
13,s,19,-6.0
6,m,7,42.0
13,s,4,9.0
1,d,6,0.16666666666666666
9,p,8,17.0
16,p,16,32.0
13,p,15,28.0
16,d,19,0.8421052631578947
1,s,19,-18.0
1,p,3,4.0
17,m,20,340.0
7,p,2,9.0
6,d,4,1.5
12,p,3,15.0
10,m,17,170.0
17,p,10,27.0
10,d,5,2.0
7,p,5,12.0
3,d,19,0.15789473684210525
1,d,9,0.1111111111111111
5,p,4,9.0
10,d,7,1.4285714285714286
0,d,15,0.0
8,m,11,88.0
9,p,15,24.0
17,s,4,13.0
2,p,14,16.0
9,p,12,21.0
19,m,18,342.0
7,m,18,126.0
13,d,15,0.8666666666666667
13,d,4,3.25
5,m,7,35.0
18,p,12,30.0
11,p,7,18.0
4,p,12,16.0
17,p,9,26.0
4,d,11,0.36363636363636365
17,p,14,31.0
6,d,12,0.5
1,p,10,11.0
12,p,7,19.0
12,s,12,0.0
13,m,0,0.0
1,p,4,5.0
20,d,20,1.0
8,p,0,8.0
0,p,6,6.0
18,s,3,15.0
1,p,7,8.0
4,s,11,-7.0
0,m,19,0.0
10,s,5,5.0
14,d,11,1.2727272727272727
19,s,11,8.0
3,s,18,-15.0
12,p,1,13.0
19,d,17,1.1176470588235294
1,d,4,0.25
11,m,15,165.0
10,m,8,80.0
20,s,18,2.0
1,m,10,10.0
17,m,19,323.0
9,s,10,-1.0
16,p,2,18.0
17,p,0,17.0
17,d,19,0.8947368421052632
11,m,20,220.0
16,m,6,96.0
9,d,10,0.9
12,s,5,7.0
19,s,11,8.0
3,d,15,0.2
1,d,10,0.1
12,s,0,12.0
13,d,3,4.333333333333333
4,d,9,0.4444444444444444
0,p,14,14.0
9,s,14,-5.0
13,p,12,25.0
4,m,6,24.0
2,m,11,22.0
0,m,2,0.0
6,p,0,6.0
14,p,7,21.0
13,p,15,28.0
10,p,13,23.0
11,d,16,0.6875
18,m,1,18.0
4,m,5,20.0
9,s,2,7.0
7,m,18,126.0
9,m,14,126.0
1,m,12,12.0
11,p,6,17.0
10,p,14,24.0
10,p,14,24.0
18,d,2,9.0
13,d,9,1.4444444444444444
18,d,6,3.0
10,p,12,22.0
17,s,7,10.0
10,d,19,0.5263157894736842
8,d,20,0.4
12,p,17,29.0
11,p,14,25.0
5,d,7,0.7142857142857143
15,m,2,30.0
7,p,0,7.0
18,s,5,13.0
0,m,19,0.0
13,s,15,-2.0
6,s,6,0.0
19,s,15,4.0
4,d,6,0.6666666666666666
9,p,8,17.0
5,s,17,-12.0
10,s,7,3.0
12,d,14,0.8571428571428571
19,s,18,1.0
8,d,5,1.6
15,s,7,8.0
7,m,17,119.0
20,p,4,24.0
4,s,7,-3.0
0,p,18,18.0
8,p,0,8.0
13,s,19,-6.0
7,m,5,35.0
9,s,4,5.0
9,p,15,24.0
19,s,18,1.0
19,d,0,0.0
10,p,10,20.0
10,m,8,80.0
4,p,12,16.0
14,d,10,1.4
18,p,19,37.0
6,s,17,-11.0
3,p,0,3.0
12,s,9,3.0
6,s,4,2.0
13,s,20,-7.0
4,d,15,0.26666666666666666
14,s,14,0.0
6,d,2,3.0
16,d,1,16.0
12,d,9,1.3333333333333333
0,p,14,14.0
6,m,17,102.0
1,d,7,0.14285714285714285
1,m,10,10.0
5,m,19,95.0
4,m,20,80.0
2,d,1,2.0
9,s,1,8.0
15,p,8,23.0
20,d,13,1.5384615384615385
11,s,16,-5.0
13,d,14,0.9285714285714286
4,p,11,15.0
13,p,5,18.0
1,d,7,0.14285714285714285
6,m,16,96.0
20,m,12,240.0
13,m,2,26.0
18,m,14,252.0
10,d,19,0.5263157894736842
20,s,18,2.0
3,s,16,-13.0
18,d,18,1.0
18,m,17,306.0
19,m,2,38.0
19,d,16,1.1875
1,m,18,18.0
10,m,0,0.0
19,s,6,13.0
13,m,13,169.0
6,s,4,2.0
7,m,18,126.0
12,s,3,9.0
3,p,5,8.0
3,m,10,30.0
17,s,10,7.0
8,p,0,8.0
2,d,5,0.4
13,s,5,8.0
6,m,18,108.0
15,s,9,6.0
20,m,5,100.0
12,d,14,0.8571428571428571
2,s,16,-14.0
4,d,6,0.6666666666666666
16,d,20,0.8
1,m,10,10.0
2,p,12,14.0
12,s,2,10.0
8,m,18,144.0
12,d,9,1.3333333333333333
18,m,19,342.0
12,m,0,0.0
16,d,13,1.2307692307692308
19,d,8,2.375
6,s,17,-11.0
0,d,19,0.0
4,d,6,0.6666666666666666
3,p,1,4.0
18,d,4,4.5
2,d,12,0.16666666666666666
4,p,0,4.0
13,m,10,130.0
10,d,14,0.7142857142857143
8,d,10,0.8
16,m,12,192.0
10,d,11,0.9090909090909091
11,s,3,8.0
8,d,15,0.5333333333333333
8,p,0,8.0
1,d,12,0.08333333333333333
10,d,16,0.625
16,m,4,64.0
1,p,11,12.0
13,m,12,156.0
8,p,10,18.0
4,m,5,20.0
9,p,8,17.0
16,d,18,0.8888888888888888
9,s,0,9.0
6,d,6,1.0
17,p,13,30.0
16,m,7,112.0
15,p,1,16.0
14,s,0,14.0
13,p,6,19.0
19,m,9,171.0
4,d,6,0.6666666666666666
1,p,5,6.0
10,s,1,9.0
0,m,19,0.0
2,m,6,12.0
18,d,0,0.0
20,d,2,10.0
19,d,15,1.2666666666666666
4,m,8,32.0
4,m,17,68.0
3,m,6,18.0
12,m,19,228.0
16,m,0,0.0
10,d,1,10.0
6,d,11,0.5454545454545454
15,p,9,24.0
18,d,10,1.8
20,s,20,0.0
18,p,8,26.0
10,p,18,28.0
4,p,13,17.0
5,m,19,95.0
8,p,4,12.0
7,m,2,14.0
16,s,19,-3.0
10,m,16,160.0
19,d,0,0.0
6,s,9,-3.0
1,p,7,8.0
18,d,14,1.2857142857142858
15,d,9,1.6666666666666667
14,m,11,154.0
3,p,9,12.0
16,m,13,208.0
16,s,5,11.0
0,s,16,-16.0
19,d,10,1.9
16,p,8,24.0
18,s,13,5.0
7,s,20,-13.0
5,p,13,18.0
20,d,11,1.8181818181818181
19,s,8,11.0
14,d,13,1.0769230769230769
9,s,16,-7.0
3,s,14,-11.0
0,d,12,0.0
5,s,18,-13.0
20,m,2,40.0
2,p,16,18.0
14,s,17,-3.0
9,d,4,2.25
11,m,10,110.0
13,p,19,32.0
13,s,4,9.0
4,s,14,-10.0
7,d,20,0.35
3,p,14,17.0
4,s,5,-1.0
15,p,18,33.0
1,m,13,13.0
8,d,17,0.47058823529411764
1,m,17,17.0
14,m,14,196.0
8,d,2,4.0
13,m,15,195.0
10,p,6,16.0
17,p,17,34.0
14,d,6,2.3333333333333335
16,m,2,32.0
18,m,2,36.0
15,p,19,34.0
17,m,18,306.0
11,d,16,0.6875
5,s,12,-7.0
16,d,8,2.0
13,p,6,19.0
4,d,0,0.0
12,s,2,10.0
7,d,18,0.3888888888888889
3,p,5,8.0
20,p,19,39.0
20,p,10,30.0
17,p,17,34.0
4,d,18,0.2222222222222222
20,s,3,17.0
0,d,20,0.0
0,d,12,0.0
19,p,1,20.0
1,s,14,-13.0
7,s,15,-8.0
18,s,17,1.0
12,s,17,-5.0
7,d,8,0.875
9,d,19,0.47368421052631576
1,m,7,7.0
1,d,13,0.07692307692307693
10,d,14,0.7142857142857143
16,s,7,9.0
10,d,11,0.9090909090909091
0,d,15,0.0
7,s,3,4.0
6,m,3,18.0
10,p,10,20.0
10,p,14,24.0
11,p,4,15.0
16,s,15,1.0
16,m,8,128.0
8,m,1,8.0
11,s,16,-5.0
3,m,2,6.0
2,d,9,0.2222222222222222
1,p,20,21.0
4,m,7,28.0
1,d,6,0.16666666666666666
17,p,14,31.0
10,d,20,0.5
17,p,19,36.0
1,d,18,0.05555555555555555
14,d,19,0.7368421052631579
17,s,1,16.0
7,m,20,140.0
20,m,8,160.0
13,m,16,208.0
8,d,13,0.6153846153846154
18,p,9,27.0
7,d,13,0.5384615384615384
9,p,0,9.0
13,s,6,7.0
19,d,10,1.9
6,s,15,-9.0
3,d,11,0.2727272727272727
11,s,14,-3.0
19,d,4,4.75
7,d,3,2.3333333333333335
17,p,6,23.0
4,p,18,22.0
10,m,17,170.0
9,s,20,-11.0
7,s,7,0.0
9,d,2,4.5
11,m,2,22.0
20,s,8,12.0
18,d,13,1.3846153846153846
0,s,14,-14.0
9,d,9,1.0
15,d,8,1.875
5,m,3,15.0
20,m,18,360.0
17,p,9,26.0
20,m,15,300.0
19,d,3,6.333333333333333
2,p,14,16.0
10,s,0,10.0
5,p,2,7.0
12,p,18,30.0
20,p,9,29.0
7,m,9,63.0
15,p,12,27.0
18,s,8,10.0
15,m,14,210.0
0,s,4,-4.0
17,m,12,204.0
20,s,7,13.0
0,d,4,0.0
20,p,11,31.0
18,d,20,0.9
5,s,3,2.0
13,d,12,1.0833333333333333
14,d,3,4.666666666666667
13,d,13,1.0
2,s,0,2.0
10,s,12,-2.0
8,p,5,13.0
4,s,4,0.0
7,p,8,15.0
2,d,6,0.3333333333333333
13,s,17,-4.0
13,m,15,195.0
19,p,0,19.0
15,p,14,29.0
10,m,4,40.0
8,p,12,20.0
8,p,9,17.0
19,s,5,14.0
7,p,11,18.0
14,d,9,1.5555555555555556
11,m,13,143.0
4,p,12,16.0
3,d,17,0.17647058823529413
7,s,15,-8.0
12,p,6,18.0
18,m,18,324.0
20,m,12,240.0
11,s,18,-7.0
20,d,5,4.0
14,m,12,168.0
2,p,9,11.0
0,m,6,0.0
0,m,5,0.0
10,s,2,8.0
8,m,9,72.0
17,d,12,1.4166666666666667
4,s,5,-1.0
18,m,0,0.0
15,s,7,8.0
2,m,8,16.0
8,p,12,20.0
11,m,15,165.0
18,s,6,12.0
11,p,2,13.0
8,d,18,0.4444444444444444
16,d,16,1.0
18,s,10,8.0
2,p,4,6.0
9,m,0,0.0
9,d,7,1.2857142857142858
15,d,20,0.75
13,s,3,10.0
1,m,16,16.0
16,p,1,17.0
3,d,17,0.17647058823529413
7,m,2,14.0
6,p,18,24.0
10,p,2,12.0
8,d,7,1.1428571428571428
15,d,17,0.8823529411764706
5,p,20,25.0
0,p,15,15.0
17,p,14,31.0
1,d,19,0.05263157894736842
20,m,16,320.0
13,s,9,4.0
10,p,14,24.0
13,p,20,33.0
4,s,13,-9.0
7,m,2,14.0
8,s,5,3.0
0,p,12,12.0
1,s,5,-4.0
1,d,5,0.2
10,m,20,200.0
0,s,10,-10.0
5,p,9,14.0
3,s,9,-6.0
0,d,12,0.0
15,p,1,16.0
10,m,2,20.0
10,s,18,-8.0
0,d,3,0.0
13,s,7,6.0
16,s,4,12.0
4,m,4,16.0
1,m,1,1.0
7,s,18,-11.0
5,p,5,10.0
11,s,12,-1.0
20,p,0,20.0
19,p,1,20.0
3,m,6,18.0
17,s,9,8.0
7,p,18,25.0
6,s,7,-1.0
11,d,5,2.2
3,s,6,-3.0
7,m,19,133.0
10,m,13,130.0
10,s,4,6.0
9,d,5,1.8
9,d,9,1.0
13,s,0,13.0
8,d,18,0.4444444444444444
13,m,6,78.0
5,m,1,5.0
7,d,13,0.5384615384615384
20,s,15,5.0
8,m,18,144.0
5,d,19,0.2631578947368421
7,d,11,0.6363636363636364
2,s,10,-8.0
12,m,12,144.0
10,p,18,28.0
8,d,15,0.5333333333333333
5,s,11,-6.0
20,p,16,36.0
19,d,13,1.4615384615384615
9,m,3,27.0
15,s,11,4.0
7,m,12,84.0
5,d,9,0.5555555555555556
8,d,12,0.6666666666666666
10,m,7,70.0
6,d,17,0.35294117647058826
4,m,20,80.0
7,m,4,28.0
6,d,12,0.5
18,m,4,72.0
3,d,10,0.3
2,d,5,0.4
20,s,13,7.0
20,s,17,3.0
10,s,8,2.0
9,m,13,117.0
16,s,13,3.0
18,d,0,0.0
3,s,12,-9.0
9,d,18,0.5
18,s,20,-2.0
19,p,19,38.0
13,m,3,39.0
7,p,16,23.0
3,s,12,-9.0
14,p,2,16.0
7,d,0,0.0
6,s,15,-9.0
12,d,1,12.0
5,p,0,5.0
8,d,17,0.47058823529411764
15,p,17,32.0
17,d,4,4.25
8,s,18,-10.0
3,p,4,7.0
9,s,12,-3.0
18,d,9,2.0
12,m,5,60.0
20,s,8,12.0
18,s,20,-2.0
12,m,9,108.0
12,s,6,6.0
19,d,3,6.333333333333333
4,m,18,72.0
0,d,6,0.0
18,p,8,26.0
3,d,5,0.6
12,d,9,1.3333333333333333
2,d,19,0.10526315789473684
14,d,0,0.0
17,s,7,10.0
10,p,7,17.0
1,d,3,0.3333333333333333
3,m,5,15.0
18,p,0,18.0
12,m,7,84.0
18,p,1,19.0
6,s,7,-1.0
8,s,8,0.0
15,d,13,1.1538461538461537
6,p,8,14.0
9,m,1,9.0
2,p,1,3.0
13,s,15,-2.0
1,m,2,2.0
17,p,2,19.0
12,m,0,0.0
18,p,20,38.0
0,m,1,0.0
20,p,5,25.0
4,d,16,0.25
13,d,3,4.333333333333333
17,p,1,18.0
19,p,19,38.0
7,s,9,-2.0
3,m,6,18.0
16,m,10,160.0
17,s,8,9.0
1,m,6,6.0
6,d,2,3.0
1,p,15,16.0
15,p,18,33.0
6,d,17,0.35294117647058826
1,m,2,2.0
15,p,3,18.0
15,s,3,12.0
4,m,3,12.0
0,m,4,0.0
14,s,0,14.0
16,p,17,33.0
9,p,2,11.0
4,d,17,0.23529411764705882
20,m,9,180.0
4,p,15,19.0
19,d,6,3.1666666666666665
15,m,16,240.0
15,m,12,180.0
13,p,6,19.0
7,p,17,24.0
1,d,20,0.05
9,p,19,28.0
12,m,3,36.0
5,s,7,-2.0
3,m,11,33.0
1,s,2,-1.0
2,s,10,-8.0
10,d,1,10.0
19,s,13,6.0
12,d,2,6.0
17,m,8,136.0
10,m,5,50.0
5,d,20,0.25
9,p,2,11.0
4,m,20,80.0
9,p,15,24.0
14,m,18,252.0
16,m,16,256.0
13,m,12,156.0
16,s,18,-2.0
1,m,0,0.0
3,m,18,54.0
13,m,14,182.0
12,m,6,72.0
11,m,16,176.0
4,d,5,0.8
20,d,2,10.0
4,d,12,0.3333333333333333
4,m,20,80.0
12,p,11,23.0
8,p,12,20.0
15,p,0,15.0
2,m,9,18.0
3,p,7,10.0
12,d,16,0.75
5,p,8,13.0
16,p,14,30.0
0,d,0,0.0
13,p,17,30.0
8,d,3,2.6666666666666665
4,s,17,-13.0
0,d,15,0.0
5,p,6,11.0
3,s,11,-8.0
4,s,7,-3.0
17,s,4,13.0
5,s,17,-12.0
9,m,0,0.0
15,s,10,5.0
16,m,6,96.0
19,m,18,342.0
1,m,0,0.0
2,m,1,2.0
14,p,19,33.0
7,p,11,18.0
3,m,7,21.0
0,s,10,-10.0
10,s,14,-4.0
5,s,20,-15.0
0,m,13,0.0
3,m,20,60.0
15,p,17,32.0
19,s,14,5.0
0,p,4,4.0
2,m,0,0.0
3,m,19,57.0
10,m,7,70.0
2,m,19,38.0
4,p,16,20.0
20,m,8,160.0
15,d,17,0.8823529411764706
14,s,9,5.0
17,s,1,16.0
2,s,20,-18.0
0,s,12,-12.0
11,p,15,26.0
7,p,14,21.0
4,s,3,1.0
19,m,14,266.0
7,p,12,19.0
10,m,10,100.0
11,m,15,165.0
18,m,18,324.0
0,m,17,0.0
5,p,18,23.0
13,d,19,0.6842105263157895
18,p,20,38.0
9,s,11,-2.0
16,d,19,0.8421052631578947
0,p,12,12.0
1,m,12,12.0
13,s,14,-1.0
7,m,14,98.0
11,p,14,25.0
2,m,12,24.0
4,d,14,0.2857142857142857
2,d,7,0.2857142857142857
17,m,2,34.0
18,p,17,35.0
4,s,11,-7.0
20,m,0,0.0
6,d,15,0.4
19,s,19,0.0
20,d,19,1.0526315789473684
9,m,8,72.0
14,s,15,-1.0
10,m,0,0.0
5,s,7,-2.0
8,s,5,3.0
9,p,16,25.0
1,p,8,9.0
14,m,4,56.0
3,m,10,30.0
7,p,12,19.0
10,m,17,170.0
10,m,14,140.0
18,d,0,0.0
5,d,15,0.3333333333333333
0,m,5,0.0
5,d,11,0.45454545454545453
1,s,7,-6.0
7,m,4,28.0
19,m,9,171.0
5,p,7,12.0
10,s,20,-10.0
16,s,12,4.0
1,p,8,9.0
4,d,19,0.21052631578947367
12,p,5,17.0
14,p,5,19.0
15,s,9,6.0
19,s,4,15.0
0,p,9,9.0
13,s,14,-1.0
3,s,11,-8.0
18,d,5,3.6
12,s,19,-7.0
15,d,0,0.0
7,m,4,28.0
1,p,6,7.0
7,s,18,-11.0
16,m,1,16.0
17,p,11,28.0
5,p,4,9.0
13,p,3,16.0
3,s,18,-15.0
20,s,7,13.0
11,s,19,-8.0
15,d,19,0.7894736842105263
2,p,19,21.0
0,p,1,1.0
5,m,18,90.0
13,d,3,4.333333333333333
4,m,5,20.0
12,d,8,1.5
2,m,16,32.0
11,m,19,209.0
0,s,14,-14.0
7,m,0,0.0
11,s,6,5.0
7,d,2,3.5
20,d,20,1.0
14,p,17,31.0
9,d,10,0.9
9,m,14,126.0
7,p,14,21.0
3,m,19,57.0
11,p,6,17.0
2,d,14,0.14285714285714285
13,d,13,1.0
10,m,1,10.0
5,d,15,0.3333333333333333
2,p,4,6.0
18,p,5,23.0
20,d,10,2.0
17,d,1,17.0
2,p,19,21.0
4,s,4,0.0
2,d,3,0.6666666666666666
15,d,20,0.75
0,d,12,0.0
20,s,13,7.0
10,s,7,3.0
4,d,6,0.6666666666666666
3,m,17,51.0
18,p,4,22.0
4,m,12,48.0
20,m,16,320.0
13,d,7,1.8571428571428572
2,m,2,4.0
4,m,19,76.0
6,p,0,6.0
0,d,7,0.0
10,s,7,3.0
7,s,2,5.0
4,d,8,0.5
11,d,19,0.5789473684210527
12,s,19,-7.0
4,m,15,60.0
3,s,15,-12.0
15,m,13,195.0
18,m,2,36.0
6,s,16,-10.0
1,p,3,4.0
8,d,0,0.0
11,d,5,2.2
12,s,9,3.0
13,s,14,-1.0
11,s,2,9.0
15,m,5,75.0
10,s,11,-1.0
7,m,15,105.0
12,d,10,1.2
19,d,15,1.2666666666666666
8,d,16,0.5
16,d,9,1.7777777777777777
5,m,5,25.0
18,m,9,162.0
3,m,0,0.0
13,s,20,-7.0
10,d,0,0.0
18,d,4,4.5
10,m,12,120.0
3,p,4,7.0
13,d,4,3.25
13,s,15,-2.0
19,m,7,133.0
0,d,19,0.0
18,m,6,108.0
8,p,4,12.0
4,p,18,22.0
9,m,13,117.0
0,s,5,-5.0
6,d,9,0.6666666666666666
14,p,17,31.0
9,d,11,0.8181818181818182
18,s,14,4.0
11,m,3,33.0
20,d,1,20.0
0,s,6,-6.0
20,s,19,1.0
2,d,9,0.2222222222222222
17,s,4,13.0
6,s,14,-8.0
1,m,18,18.0
10,d,2,5.0
15,d,12,1.25
0,s,12,-12.0
13,s,20,-7.0
4,d,16,0.25
6,p,0,6.0
2,s,4,-2.0
0,m,1,0.0
16,s,8,8.0
12,s,8,4.0
6,d,6,1.0
14,d,18,0.7777777777777778
0,s,16,-16.0
17,d,19,0.8947368421052632
15,p,20,35.0
6,p,12,18.0
10,m,20,200.0
19,d,9,2.111111111111111
19,p,4,23.0
17,d,11,1.5454545454545454
8,p,18,26.0
3,s,6,-3.0
8,m,19,152.0
2,s,18,-16.0
11,p,1,12.0
2,m,3,6.0
9,p,12,21.0
15,p,11,26.0
17,s,1,16.0
16,p,16,32.0
9,p,8,17.0
1,p,9,10.0
8,p,7,15.0
11,d,12,0.9166666666666666
16,p,10,26.0
6,s,10,-4.0
16,p,20,36.0
8,s,16,-8.0
15,d,9,1.6666666666666667
10,p,11,21.0
6,p,1,7.0
3,m,12,36.0
12,d,9,1.3333333333333333
3,d,15,0.2
17,p,8,25.0
2,p,19,21.0
4,p,14,18.0
12,s,19,-7.0
15,d,3,5.0
2,m,3,6.0
16,d,12,1.3333333333333333
16,p,13,29.0
2,d,18,0.1111111111111111
12,m,14,168.0
18,s,16,2.0
6,d,5,1.2
2,p,15,17.0
10,m,0,0.0
17,m,6,102.0
6,m,8,48.0
20,p,17,37.0
18,d,11,1.6363636363636365
10,s,14,-4.0
17,s,11,6.0
11,s,7,4.0
18,s,20,-2.0
9,d,5,1.8
12,p,4,16.0
14,m,15,210.0
17,p,1,18.0
10,m,17,170.0
13,d,13,1.0
19,p,6,25.0
6,s,0,6.0
16,s,10,6.0
5,s,14,-9.0
15,d,12,1.25
18,s,17,1.0
8,p,10,18.0
20,p,11,31.0
5,s,10,-5.0
16,m,11,176.0
13,s,3,10.0
0,d,17,0.0
6,d,0,0.0
4,d,0,0.0
7,s,17,-10.0
15,d,15,1.0
14,p,3,17.0
16,s,9,7.0
10,d,4,2.5
20,d,16,1.25
6,p,0,6.0
0,p,14,14.0
4,p,2,6.0
4,s,8,-4.0
6,m,9,54.0
15,p,6,21.0
11,d,15,0.7333333333333333
15,d,3,5.0
3,d,18,0.16666666666666666
3,m,12,36.0
19,m,13,247.0
12,d,12,1.0
13,p,9,22.0
19,d,19,1.0
16,s,7,9.0
9,p,8,17.0
0,m,19,0.0
4,m,5,20.0
4,m,12,48.0
6,s,14,-8.0
5,p,4,9.0
18,m,2,36.0
7,p,19,26.0
14,m,0,0.0
9,s,15,-6.0
13,p,1,14.0
10,p,15,25.0
2,p,10,12.0
3,p,1,4.0
12,d,4,3.0
0,p,0,0.0
4,m,12,48.0
17,s,18,-1.0
8,m,14,112.0
19,s,14,5.0
7,m,10,70.0
16,s,16,0.0
11,p,15,26.0
19,p,5,24.0
9,d,18,0.5
15,p,18,33.0
8,s,12,-4.0
16,d,13,1.2307692307692308
9,s,7,2.0
0,p,6,6.0
15,d,4,3.75
13,s,11,2.0
16,m,4,64.0
12,m,17,204.0
8,s,18,-10.0
15,m,4,60.0
0,p,1,1.0
4,d,0,0.0
1,m,2,2.0
12,m,0,0.0
2,p,18,20.0
17,m,10,170.0
6,d,4,1.5
3,s,12,-9.0
1,s,20,-19.0
7,d,10,0.7
20,d,6,3.3333333333333335
19,p,6,25.0
2,p,1,3.0
1,p,18,19.0
16,s,19,-3.0
2,d,17,0.11764705882352941
16,p,3,19.0
9,p,17,26.0
5,s,16,-11.0
10,p,8,18.0
10,s,17,-7.0
19,s,1,18.0
1,s,8,-7.0
20,d,14,1.4285714285714286
13,s,2,11.0
13,s,12,1.0
17,p,20,37.0
16,s,2,14.0
4,d,20,0.2
16,m,2,32.0
18,d,9,2.0
8,p,14,22.0
11,p,7,18.0
2,m,1,2.0
17,s,6,11.0
0,d,19,0.0
15,d,6,2.5
19,m,16,304.0
4,p,3,7.0
9,d,4,2.25
19,d,7,2.7142857142857144
13,p,11,24.0
3,d,12,0.25
13,p,15,28.0
16,d,15,1.0666666666666667
12,s,4,8.0
13,d,7,1.8571428571428572
17,m,16,272.0
0,d,2,0.0
20,d,5,4.0
12,s,5,7.0
5,d,13,0.38461538461538464
13,p,14,27.0
18,d,6,3.0
20,p,12,32.0
12,s,10,2.0
5,p,17,22.0
14,s,9,5.0
10,p,18,28.0
4,m,10,40.0
19,d,15,1.2666666666666666
14,d,4,3.5
10,d,19,0.5263157894736842
12,p,9,21.0
17,m,6,102.0
17,m,0,0.0
0,m,2,0.0
3,p,14,17.0
12,d,10,1.2
17,s,18,-1.0
18,s,2,16.0
18,d,11,1.6363636363636365
11,d,2,5.5
2,p,20,22.0
9,d,16,0.5625
1,m,1,1.0
1,s,0,1.0
8,s,8,0.0
16,d,14,1.1428571428571428
11,d,20,0.55
1,s,20,-19.0
20,s,0,20.0
18,p,6,24.0
3,s,3,0.0
10,p,20,30.0
2,d,20,0.1
20,d,1,20.0
8,p,5,13.0
12,m,20,240.0
4,s,5,-1.0
7,d,6,1.1666666666666667
19,p,6,25.0
20,p,17,37.0
12,p,5,17.0
0,s,15,-15.0
0,m,4,0.0
5,d,12,0.4166666666666667
4,d,8,0.5
11,d,7,1.5714285714285714
20,p,9,29.0
10,p,15,25.0
20,m,8,160.0
12,m,19,228.0
13,m,15,195.0
1,d,12,0.08333333333333333
6,m,11,66.0
8,s,11,-3.0
8,p,10,18.0
8,d,12,0.6666666666666666
17,d,17,1.0
11,s,16,-5.0
8,s,16,-8.0
9,s,17,-8.0
11,d,20,0.55
20,d,5,4.0
15,d,6,2.5
12,m,9,108.0
7,p,4,11.0
14,m,15,210.0
16,p,15,31.0
16,m,19,304.0
7,d,5,1.4
19,s,17,2.0
20,m,8,160.0
7,m,13,91.0
17,m,1,17.0
0,m,9,0.0
1,p,11,12.0
19,m,5,95.0
12,s,14,-2.0
0,d,1,0.0
6,s,8,-2.0
19,p,6,25.0
14,s,14,0.0
15,m,4,60.0
8,m,20,160.0
20,s,0,20.0
17,p,0,17.0
13,m,4,52.0
17,p,11,28.0
11,s,1,10.0
20,m,0,0.0
10,s,0,10.0
17,m,3,51.0
6,s,10,-4.0
2,d,4,0.5
19,s,8,11.0
7,m,15,105.0
6,p,2,8.0
3,s,4,-1.0
11,p,18,29.0
8,d,5,1.6
11,d,5,2.2
8,d,4,2.0
12,m,5,60.0
3,m,1,3.0
15,s,7,8.0
17,m,11,187.0
9,p,10,19.0
8,d,20,0.4
1,p,19,20.0
18,m,7,126.0
3,d,2,1.5
9,m,11,99.0
10,d,7,1.4285714285714286
1,s,13,-12.0
15,p,5,20.0
13,s,14,-1.0
7,m,14,98.0
12,s,3,9.0
2,d,10,0.2
11,s,13,-2.0
13,p,8,21.0
5,p,13,18.0
16,p,8,24.0
16,d,20,0.8
12,p,5,17.0
18,p,19,37.0
13,s,18,-5.0
2,d,19,0.10526315789473684
7,s,0,7.0
19,m,19,361.0
2,d,13,0.15384615384615385
1,m,9,9.0
1,s,10,-9.0
4,d,13,0.3076923076923077
7,s,3,4.0
6,s,8,-2.0
16,p,17,33.0
9,m,16,144.0
2,s,9,-7.0
1,m,4,4.0
19,d,7,2.7142857142857144
9,p,11,20.0
4,s,17,-13.0
7,s,3,4.0
8,d,4,2.0
11,d,11,1.0
12,s,14,-2.0
19,p,19,38.0
3,m,10,30.0
18,m,0,0.0
20,s,8,12.0
2,s,16,-14.0
20,s,9,11.0
13,m,19,247.0
7,p,2,9.0
20,d,5,4.0
15,p,3,18.0
10,d,0,0.0
4,p,18,22.0
14,s,19,-5.0
12,p,10,22.0
14,s,6,8.0
16,d,3,5.333333333333333
4,p,19,23.0
1,d,16,0.0625
7,s,19,-12.0
5,s,3,2.0
12,p,18,30.0
10,s,14,-4.0
14,d,13,1.0769230769230769
3,m,0,0.0
4,d,18,0.2222222222222222
15,d,0,0.0
20,m,9,180.0
19,p,19,38.0
11,p,6,17.0
8,m,8,64.0
1,s,0,1.0
0,d,4,0.0
16,d,7,2.2857142857142856
17,p,19,36.0
6,m,9,54.0
1,m,5,5.0
16,d,12,1.3333333333333333
12,s,1,11.0
20,m,1,20.0
0,s,19,-19.0
8,d,13,0.6153846153846154
11,p,9,20.0
17,s,4,13.0
13,p,17,30.0
1,s,2,-1.0
17,d,4,4.25
5,p,2,7.0
10,s,3,7.0
7,d,8,0.875
1,m,3,3.0
5,p,4,9.0
3,s,7,-4.0
11,s,7,4.0
1,s,17,-16.0
2,p,12,14.0
20,s,13,7.0
13,s,0,13.0
17,p,18,35.0
20,s,15,5.0
12,p,19,31.0
14,m,16,224.0
20,d,15,1.3333333333333333
15,p,5,20.0
1,m,0,0.0
4,m,2,8.0
3,d,1,3.0
0,p,14,14.0
13,m,7,91.0
17,p,11,28.0
20,m,17,340.0
3,s,5,-2.0
14,m,0,0.0
2,p,3,5.0
19,m,8,152.0
11,m,8,88.0
13,d,19,0.6842105263157895
4,d,19,0.21052631578947367
11,d,10,1.1
3,s,19,-16.0
14,d,13,1.0769230769230769
2,d,7,0.2857142857142857
14,d,3,4.666666666666667
4,s,13,-9.0
18,d,11,1.6363636363636365
3,d,4,0.75
12,s,14,-2.0
0,m,11,0.0
15,d,6,2.5
3,d,6,0.5
9,s,1,8.0
4,m,6,24.0
12,m,2,24.0
9,d,12,0.75
5,d,15,0.3333333333333333
6,p,6,12.0
9,p,3,12.0
14,p,13,27.0
9,p,5,14.0
11,m,5,55.0
16,p,7,23.0
19,d,12,1.5833333333333333
6,m,13,78.0
15,m,0,0.0
12,d,10,1.2
17,d,18,0.9444444444444444
18,d,16,1.125
0,d,6,0.0
17,s,17,0.0
0,m,0,0.0
17,d,7,2.4285714285714284
19,s,20,-1.0
12,p,7,19.0
11,s,18,-7.0
4,p,19,23.0
20,d,5,4.0
1,m,12,12.0
19,m,7,133.0
2,m,1,2.0
1,s,12,-11.0
18,p,3,21.0
17,s,14,3.0
4,s,16,-12.0
8,p,15,23.0
16,p,6,22.0
2,p,17,19.0
14,d,18,0.7777777777777778
20,d,1,20.0
10,m,14,140.0
18,m,15,270.0
18,d,19,0.9473684210526315
19,p,19,38.0
10,s,5,5.0
3,p,15,18.0
3,d,8,0.375
10,m,13,130.0
16,p,3,19.0
0,p,13,13.0
15,m,6,90.0
13,p,7,20.0
13,p,6,19.0
5,d,19,0.2631578947368421
11,d,11,1.0
5,p,13,18.0
13,m,19,247.0
19,s,13,6.0
15,p,17,32.0
2,s,18,-16.0
16,p,18,34.0
12,s,16,-4.0
1,s,3,-2.0
20,d,0,0.0
2,d,13,0.15384615384615385
11,s,6,5.0
3,s,12,-9.0
6,p,13,19.0
7,d,2,3.5
19,m,16,304.0
8,p,18,26.0
1,p,9,10.0
7,s,15,-8.0
19,m,11,209.0
11,m,16,176.0
16,m,7,112.0
13,p,7,20.0
4,m,15,60.0
6,s,19,-13.0
4,m,10,40.0
3,m,14,42.0
2,s,19,-17.0
10,p,17,27.0
20,d,8,2.5
13,p,5,18.0
5,d,6,0.8333333333333334
1,d,3,0.3333333333333333
7,m,18,126.0
11,p,8,19.0
6,m,17,102.0
10,p,7,17.0
10,s,12,-2.0
1,s,19,-18.0
0,d,15,0.0
16,p,10,26.0
20,d,18,1.1111111111111112
9,d,11,0.8181818181818182
4,m,20,80.0
1,s,17,-16.0
3,d,14,0.21428571428571427
20,m,6,120.0
20,d,2,10.0
12,p,16,28.0
2,s,6,-4.0
19,s,15,4.0
13,p,14,27.0
15,p,4,19.0
15,m,7,105.0
0,m,5,0.0
4,s,20,-16.0
20,m,5,100.0
3,s,19,-16.0
1,s,13,-12.0
5,d,7,0.7142857142857143
10,p,9,19.0
3,p,17,20.0
20,m,9,180.0
8,m,5,40.0
17,s,8,9.0
0,m,5,0.0
7,p,11,18.0
19,d,9,2.111111111111111
13,p,11,24.0
3,d,16,0.1875
2,d,10,0.2
8,m,0,0.0
3,d,9,0.3333333333333333
11,p,6,17.0
6,p,14,20.0
10,s,9,1.0
9,p,10,19.0
20,p,19,39.0
16,d,5,3.2
2,p,2,4.0
20,m,6,120.0
12,m,10,120.0
5,s,18,-13.0
1,s,20,-19.0
7,d,15,0.4666666666666667
12,d,13,0.9230769230769231
19,s,5,14.0
18,s,11,7.0
7,d,17,0.4117647058823529
2,m,18,36.0
2,s,2,0.0
19,s,0,19.0
9,m,4,36.0
20,s,20,0.0
9,d,0,0.0
13,s,5,8.0
8,s,13,-5.0
6,s,9,-3.0
7,s,8,-1.0
15,p,11,26.0
16,d,12,1.3333333333333333
19,p,8,27.0
16,m,13,208.0
9,m,5,45.0
7,s,17,-10.0
12,s,19,-7.0
17,m,10,170.0
0,m,14,0.0
6,p,10,16.0
18,s,11,7.0
17,m,20,340.0
19,d,8,2.375
20,s,0,20.0
18,d,13,1.3846153846153846
9,s,10,-1.0
10,p,19,29.0
15,m,12,180.0
1,d,8,0.125
3,s,17,-14.0
0,m,1,0.0
8,d,4,2.0
6,m,8,48.0
19,d,20,0.95
12,d,16,0.75
13,m,14,182.0
14,d,0,0.0
3,p,14,17.0
13,p,18,31.0
2,d,8,0.25
2,p,2,4.0
6,m,16,96.0
14,m,3,42.0
12,m,15,180.0
13,m,13,169.0
0,m,20,0.0
2,d,17,0.11764705882352941
0,d,3,0.0
15,m,9,135.0
18,s,5,13.0
9,m,6,54.0
19,d,20,0.95
18,m,16,288.0
0,m,8,0.0
0,m,20,0.0
13,s,13,0.0
15,m,10,150.0
1,m,4,4.0
5,d,17,0.29411764705882354
2,s,15,-13.0
10,p,14,24.0
9,s,1,8.0
10,s,1,9.0
17,d,10,1.7
13,d,5,2.6
9,p,16,25.0
20,s,13,7.0
16,m,20,320.0
18,d,7,2.5714285714285716
17,d,1,17.0
6,m,10,60.0
7,p,0,7.0
0,s,2,-2.0
14,d,17,0.8235294117647058
19,p,10,29.0
19,s,20,-1.0
0,m,9,0.0
4,d,15,0.26666666666666666
11,d,16,0.6875
15,s,1,14.0
12,d,10,1.2
4,s,1,3.0
13,m,6,78.0
9,s,9,0.0
20,m,19,380.0
12,d,16,0.75
7,p,7,14.0
17,s,2,15.0
6,m,7,42.0
14,p,13,27.0
15,d,1,15.0
7,d,3,2.3333333333333335
9,m,8,72.0
14,d,14,1.0
5,s,13,-8.0
12,d,7,1.7142857142857142
14,m,17,238.0
1,d,16,0.0625
15,d,8,1.875
11,m,19,209.0
9,s,20,-11.0
9,m,16,144.0
4,m,18,72.0
6,d,14,0.42857142857142855
8,s,0,8.0
15,d,12,1.25
13,d,17,0.7647058823529411
9,m,0,0.0
4,d,0,0.0
13,m,14,182.0
2,d,9,0.2222222222222222
11,m,6,66.0
2,m,2,4.0
15,s,6,9.0
1,p,19,20.0
1,p,20,21.0
18,p,8,26.0
13,d,11,1.1818181818181819
11,s,16,-5.0
7,m,9,63.0
10,m,7,70.0
20,m,13,260.0
7,s,10,-3.0
6,d,4,1.5
13,p,1,14.0
1,d,8,0.125
0,p,18,18.0
2,s,1,1.0
9,m,18,162.0
13,p,2,15.0
19,d,19,1.0
10,p,2,12.0
17,m,3,51.0
16,d,6,2.6666666666666665
8,d,12,0.6666666666666666
2,m,9,18.0
15,d,14,1.0714285714285714
2,d,16,0.125
16,p,15,31.0
8,d,14,0.5714285714285714
12,d,20,0.6
17,p,4,21.0
11,m,4,44.0
12,m,10,120.0
0,p,16,16.0
8,s,5,3.0
7,s,0,7.0
18,d,5,3.6
13,p,9,22.0
10,d,8,1.25
7,d,19,0.3684210526315789
5,p,4,9.0
8,m,1,8.0
2,p,6,8.0
17,d,12,1.4166666666666667
1,d,9,0.1111111111111111
9,s,14,-5.0
6,p,17,23.0
8,m,14,112.0
5,d,8,0.625
9,s,9,0.0
0,m,6,0.0
19,m,8,152.0
3,s,0,3.0
7,d,16,0.4375
20,m,7,140.0
2,d,17,0.11764705882352941
13,d,9,1.4444444444444444
15,p,9,24.0
6,s,2,4.0
11,s,2,9.0
0,m,4,0.0
16,s,11,5.0
8,m,13,104.0
17,m,2,34.0
6,m,19,114.0
20,p,5,25.0
15,m,17,255.0
10,p,19,29.0
18,m,16,288.0
2,d,5,0.4
10,p,11,21.0
12,m,14,168.0
19,s,5,14.0
17,p,6,23.0
18,m,7,126.0
17,p,18,35.0
17,p,1,18.0
6,p,17,23.0
8,s,12,-4.0
8,s,4,4.0
9,p,5,14.0
19,d,11,1.7272727272727273
7,p,1,8.0
5,m,2,10.0
4,s,15,-11.0
9,p,2,11.0
9,p,12,21.0
6,p,7,13.0
10,m,20,200.0
